id,idade,sexo,id_fatia,med_ADC,assimetria,curtose,med1_GLCM,med2_GLCM,var1_GLCM,var2_GLCM,energia_GLCM,entropia_GLCM,contraste_GLCM,homogeneidade_GLCM,correlação_GLCM,proiminência_GLCM,sombra_GLCM,diagnostico
1,78,m,5.1,1208.988,11.092,2.774,9.817,9.86,14.637,16.047,0.052,3.507,14.646,0.462,0.523,1.427,1.855,1
1,78,m,5.2,897.146,3.044,0.169,7.171,7.482,1.068,2.981,0.081,2.887,3.262,0.571,0.248,1.576,2.076,1
1,78,m,5.3,895.563,7.827,2.068,7.133,7.457,2.85,6.443,0.076,3.135,5.941,0.55,0.403,1.809,2.405,1
1,78,m,5.4.1,1080.107,3.091,0.832,8.725,9.437,3.68,12.681,0.041,3.728,9.834,0.504,0.515,1.948,2.573,1
1,78,m,5.4.2,1025.789,14.45,3.005,8.282,8.736,4.202,12.335,0.067,3.204,9.046,0.548,0.535,2.158,2.92,1
1,78,m,5.5.1,897.22,7.152,1.628,7.159,7.918,1.426,11.533,0.082,3,9.796,0.591,0.461,3.055,4,1
1,78,m,5.5.2,888.875,6.032,1.572,7.094,7.93,0.897,10.987,0.097,2.717,9.633,0.592,0.47,3.671,4.725,1
2,36,f,7.2,953.908,8.539,2.045,7.645,8.046,0.725,2.494,0.173,2.234,1.926,0.699,0.541,2.037,2.605,0
2,36,f,7.3,941.4,2.463,0.24,7.6,7.925,0.54,2.282,0.138,2.325,2.225,0.678,0.316,2.335,3.215,0
2,36,f,7.1.1,950.468,4.526,0.943,7.623,7.834,0.339,0.969,0.185,1.917,1.094,0.715,0.225,1.854,2.547,0
2,36,f,7.1.2,947.451,8.78,1.795,7.592,7.891,0.298,1.9,0.199,1.857,1.877,0.707,0.273,2.976,4.086,0
3,67,f,8.1,1045.679,3.577,0.788,8.438,8.279,6.129,6.07,0.029,3.853,3.297,0.523,0.732,0.91,1.379,1
3,67,f,8.2,1032.045,4.973,1.426,8.29,8.302,6.451,6.264,0.045,3.75,3.908,0.538,0.693,1.083,1.419,1
3,67,f,8.4,957.617,6.487,1.653,7.67,7.791,3.236,3.742,0.058,3.386,2.994,0.589,0.575,1.181,1.608,1
3,67,f,8.5,824.303,9.576,2.079,6.507,6.704,3.278,3.839,0.066,3.165,1.94,0.626,0.735,1.299,1.75,1
3,67,f,8.3.1,1117.028,1.987,0.112,9.009,9.35,6.458,10.975,0.024,4.09,7.589,0.456,0.592,1.029,1.543,1
3,67,f,8.3.2,1133.358,5.251,1.462,9.16,9.861,14.159,22.434,0.024,4.235,10.269,0.418,0.752,1.375,1.769,1
4,27,f,10.1,1425,3.037,0.807,11.611,13.611,8.571,22.627,0.028,3.675,18.111,0.276,0.613,1.637,2.012,0
5,91,m,5.452,1027.528,3.606,-0.074,8.28,8.405,1.062,1.526,0.077,2.872,1.828,0.597,0.305,1.116,1.894,0
5,91,m,11.3,988.37,2.981,0.143,7.943,8.014,1.121,1.363,0.074,2.909,1.856,0.593,0.256,0.722,1.38,0
5,91,m,11.4,1006.231,11.059,1.689,8.1,8.034,1.621,1.314,0.076,2.947,1.855,0.599,0.372,0.988,1.597,0
5,91,m,11.4,912.508,7.884,2.07,7.305,7.737,1.263,2.49,0.129,2.626,2.076,0.63,0.525,1.605,2.025,0
5,91,m,11.1.1,966.342,2.84,0.581,7.816,8.053,0.992,1.024,0.097,2.599,1.289,0.624,0.388,0.903,1.279,0
5,91,m,11.1.2,974,11.43,2.15,7.848,7.792,0.856,0.506,0.202,2.071,1.11,0.716,0.194,0.82,1.404,0
5,91,m,11.1.3,962.949,3.1,-0.487,7.692,8.032,0.418,2.005,0.22,2.072,2.647,0.682,-0.059,2.458,3.448,0
5,91,m,11.2.1,962.27,3.201,0.303,7.697,7.77,0.481,0.475,0.229,1.925,0.573,0.788,0.406,0.689,1.344,0
5,91,m,11.2.2,982.584,3.456,0.321,7.851,7.953,0.714,1.033,0.133,2.481,1.309,0.692,0.261,1.004,1.622,0
6,62,m,11.5,1088.372,4.653,1.535,8.814,8.238,20.182,18.864,0.037,4.14,12.944,0.431,0.677,1.11,1.464,1
6,62,m,12.1,1227.781,3.367,1.196,10.014,8.466,39.192,27.739,0.02,4.607,26.976,0.355,0.642,0.904,1.266,1
6,62,m,12.2,1309.041,3.347,0.93,10.699,10.945,13.745,13.627,0.018,4.315,10.534,0.381,0.617,0.913,1.319,1
6,62,m,12.5,1188.554,4.204,1.451,9.634,10.27,22.945,30.677,0.02,4.434,21.696,0.343,0.609,1.255,1.559,1
6,62,m,12.6,854.19,3.594,1.225,6.833,6.399,2.996,5.228,0.066,3.148,7.304,0.496,0.14,0.973,1.702,1
6,62,m,12.3.1,1266.915,3.143,1.059,10.232,11.11,18.91,25.689,0.024,4.31,10.86,0.412,0.783,1.137,1.435,1
6,62,m,12.3.2,1185.73,5.013,1.474,9.554,9.578,15.571,24.501,0.02,4.322,19.078,0.331,0.537,1.281,1.669,1
6,62,m,12.3.3,779.388,8.472,2.409,6.204,6.026,3.02,1.974,0.142,2.438,3.668,0.628,0.278,1.243,1.721,1
7,66,m,13.1,1137.032,7.129,1.098,9.177,9.214,10.307,15.345,0.02,4.171,22.359,0.35,0.131,0.89,1.73,1
7,66,m,13.2,812.949,4.703,1.538,6.418,6.133,3.712,5.938,0.074,3.241,6.513,0.501,0.343,1.289,1.839,1
7,66,m,13.4,827.017,9.64,2.468,6.569,7.28,7.211,18.072,0.074,3.401,14.289,0.504,0.504,1.854,2.36,1
7,66,m,13.3.1,846.121,10.232,2.761,6.703,7.165,6.934,11.956,0.128,2.824,8.626,0.587,0.575,1.633,2.102,1
7,66,m,13.3.2,751.341,8.872,2.258,5.89,6.107,1.219,2.458,0.143,2.388,1.646,0.669,0.6,1.714,2.26,1
7,66,m,13.5.1,849.772,10.161,2.718,6.741,8.557,8.402,32.222,0.101,3.26,21.372,0.537,0.685,2.075,2.515,1
7,66,m,13.5.2,805.74,8.402,2.34,6.35,7.36,5.317,19.95,0.093,3.23,16.77,0.547,0.462,2.113,2.637,1
8,67,m,14.1,1014.083,3.865,0.79,8.056,7.785,5.775,4.988,0.046,3.575,8.257,0.422,0.24,0.903,1.4,0
8,67,m,14.2.1,1112.2,3.233,0.404,8.943,8.343,7.597,6.797,0.023,3.977,7.729,0.346,0.489,-0.226,-1.252,0
8,67,m,14.2.2,1122.8,2.945,0.755,9,8.221,7.6,6.23,0.027,3.828,7.764,0.375,0.485,0.473,1.22,0
8,67,m,14.2.3,1045.045,4.003,0.825,8.364,7.534,4.14,3.681,0.042,3.35,4.284,0.447,0.541,0.42,1.287,0
9,39,m,15.1,1041.491,2.624,0.863,8.345,7.973,5.681,8.108,0.037,3.749,6.327,0.422,0.56,0.914,1.436,1
9,39,m,15.2,1156.146,2.306,0.655,9.406,9.836,12.429,16.778,0.021,4.218,7.305,0.409,0.765,1.021,1.354,1
9,39,m,15.5,715.635,5.786,1.602,5.632,6.12,4.218,6.672,0.057,3.525,2.893,0.573,0.776,1.405,1.787,1
9,39,m,15.6,807.146,5.826,1.678,6.38,7.089,7.034,10.743,0.033,3.869,3.939,0.497,0.825,1.402,1.754,1
9,39,m,15.8,907.984,3.8,1.053,7.281,7.168,6.046,8.46,0.038,3.699,4.934,0.491,0.67,1.152,1.574,1
9,39,m,15.3.1,899.505,3.019,0.748,7.171,7.66,6.899,10.99,0.026,4.123,5.714,0.427,0.713,1.131,1.488,1
9,39,m,15.3.2,848.75,4.061,1.198,6.705,7.665,7.049,13.257,0.036,3.899,6.159,0.432,0.779,1.343,1.644,1
9,39,m,15.4.1,823.163,4.13,1.154,6.545,7.354,7.776,11.468,0.035,3.866,4.224,0.495,0.83,1.271,1.583,1
9,39,m,15.4.2,745.266,4.744,1.144,5.881,6.271,5.503,7.603,0.042,3.676,3.033,0.546,0.79,1.255,1.629,1
9,39,m,15.7.1,833.318,4.125,-0.059,6.652,6.534,1.015,1.181,0.131,2.458,0.708,0.737,0.686,-0.524,-1.408,1
9,39,m,15.7.2,955.965,3.252,0.673,7.681,8.18,9.466,12.543,0.034,4.032,3.992,0.496,0.838,1.081,1.435,1
9,39,m,15.7.3,790.557,3.337,0.628,6.238,6.742,2.739,4.855,0.063,3.332,2.414,0.643,0.745,1.279,1.69,1
10,59,f,17.1.1,1330.028,2.774,0.057,10.889,11.708,2.321,10.457,0.042,3.53,9.194,0.453,0.432,2.04,2.626,0
10,59,f,17.1.2,1349.613,4.676,0.946,11.032,11.984,3.644,16.58,0.036,3.685,13.065,0.396,0.519,2.068,2.636,0
10,59,f,17.2.1,982.129,16.756,-2.627,7.839,7.714,3.103,5.43,0.181,2.329,4.536,0.691,0.489,-1.438,-2.199,0
10,59,f,17.2.2,1015.296,17.614,0.69,8.136,7.738,3.426,6.626,0.126,2.723,5.09,0.643,0.537,-1.199,-2.088,0
10,59,f,17.2.3,1108.18,12.11,2.407,8.93,9.388,2.625,11.792,0.096,2.941,6.488,0.637,0.731,2.276,3.039,0
10,59,f,17.3.1,1310.987,12.157,2.629,10.693,11.623,4.719,12.108,0.059,3.388,7.803,0.51,0.654,1.745,2.187,0
10,59,f,17.3.2,1268.87,6.048,1.523,10.338,11.127,2.276,8.117,0.061,3.244,5.036,0.546,0.696,1.982,2.504,0
11,77,m,18.2,967.845,2.267,0.19,7.81,7.845,1.119,1.398,0.073,2.832,1.534,0.613,0.393,0.649,1.341,1
11,77,m,18.1.1,955.11,5.95,1.352,7.63,7.438,1.603,4.63,0.077,3.008,6.014,0.586,0.047,-0.921,-1.992,1
11,77,m,18.1.2,1250.297,2.255,0.015,10.156,10.27,1.694,1.541,0.065,3.034,1.777,0.603,0.455,0.583,1.26,1
11,77,m,18.1.3,1251.825,3.595,1.025,10.222,10.964,9.411,12.733,0.023,4.104,7.194,0.405,0.708,1.168,1.492,1
11,77,m,18.3.1,933.313,3.09,0.886,7.438,7.172,1.684,1.033,0.087,2.696,1.844,0.582,0.358,0.694,1.176,1
11,77,m,18.3.2,976,1.786,0.346,7.795,8.218,1.958,2.529,0.069,2.81,1.372,0.621,0.74,0.971,1.291,1
11,77,m,18.3.3,926.028,4.921,0.71,7.431,7.583,0.662,0.653,0.151,2.241,0.951,0.712,0.294,0.831,1.384,1
12,42,m,20.1,1377.175,4.605,0.792,11.175,11.513,3.899,4.978,0.031,3.785,5.039,0.441,0.448,1.104,1.551,0
12,42,m,20.5,1176.089,2.671,0.38,9.554,9.545,1.533,1.668,0.058,3.075,1.804,0.569,0.437,0.459,1.256,0
12,42,m,20.2.1,1115.075,2.35,0.001,9.05,9.556,1.748,3.047,0.045,3.321,2.969,0.485,0.451,1.19,1.59,0
12,42,m,20.2.2,1102.75,2.603,0.417,8.9,9.313,2.04,3.602,0.043,3.399,3.613,0.479,0.406,1.059,1.732,0
12,42,m,20.3.1,1008.914,3.701,1.102,8.114,8.686,1.473,3.973,0.089,2.842,3.971,0.539,0.372,1.719,2.133,0
12,42,m,20.3.2,997.806,9.222,2.112,8.032,8.331,1.838,3.77,0.091,2.859,4.702,0.535,0.189,1.797,2.467,0
12,42,m,20.4.1,1132.778,2.618,0.235,9.244,9.122,1.118,1.018,0.105,2.481,1.144,0.661,0.472,0.285,1.172,0
12,42,m,20.4.2,1105.324,2.018,0.273,8.941,8.86,0.761,0.841,0.11,2.337,1.184,0.638,0.265,0.723,1.326,0
12,42,m,20.6.1,1065.818,3.878,0.817,8.576,8.265,3.396,6.437,0.038,3.498,6.008,0.452,0.419,-0.893,-1.619,0
12,42,m,20.6.2,879.854,9.456,2.347,7,7.365,2.833,4.69,0.086,3.018,4.708,0.53,0.404,1.457,1.827,0
12,42,m,20.6.3,847.333,6.554,1.966,6.722,7.458,1.534,4.943,0.102,2.82,4.153,0.557,0.52,1.951,2.431,0
13,65,f,21.2,713.885,7.915,2.084,5.603,5.651,1.247,1.945,0.159,2.446,2.384,0.658,0.26,1.519,2.04,0
13,65,f,21.3,775.861,4.534,1.246,6.083,7.313,1.965,7.854,0.073,3.041,6.201,0.45,0.653,2.039,2.505,0
13,65,f,21.4,724.314,12.077,2.865,5.629,6.386,1.605,4.851,0.134,2.513,4.671,0.613,0.423,2.042,2.594,0
13,65,f,21.1.1,896.4,3.72,1.299,7.1,8.05,9.223,16.881,0.042,3.558,11.65,0.405,0.615,1.425,1.779,0
13,65,f,21.1.2,706.796,9.121,2.1,5.534,5.738,1.336,2.388,0.157,2.464,2.092,0.707,0.468,1.544,2.044,0
13,65,f,21.1.3,685.226,4.083,0.956,5.387,5.653,0.302,1.049,0.288,1.72,0.944,0.788,0.425,1.859,2.305,0
14,64,f,22.1,1479.26,3.353,0.243,12.128,12.21,4.512,5.996,0.025,4.087,4.178,0.473,0.609,0.73,1.515,0
14,64,f,22.2,1382.232,6.494,1.137,11.29,11.466,3.155,5.496,0.04,3.703,3.925,0.525,0.571,1.328,1.916,0
14,64,f,22.4,1386.227,4.624,-0.093,11.326,11.359,3.337,3.153,0.042,3.677,2.959,0.525,0.544,-0.463,-1.431,0
14,64,f,22.5,1364.588,2.514,0.164,11.142,11.019,6.86,7.206,0.02,4.208,3.635,0.461,0.743,0.407,1.258,0
14,64,f,22.6,1097.276,2.773,0.273,8.837,8.77,2.422,2.345,0.054,3.228,1.52,0.616,0.682,0.511,1.284,0
14,64,f,22.3.1,1388.435,4.829,0.667,11.365,11.364,7.241,7.336,0.024,4.242,4.263,0.483,0.708,0.837,1.426,0
14,64,f,22.3.2,1385.412,4.58,0.531,11.338,11.478,4.618,5.176,0.03,3.944,3.591,0.506,0.636,0.816,1.475,0
15,51,m,23.1,1569.765,2.041,0.521,12.941,12.228,32.585,38.338,0.013,4.475,29.022,0.215,0.6,0.656,1.224,1
15,51,m,23.2,1380.6,2.625,0.981,11.262,11.481,34.624,32.934,0.024,4.241,23.596,0.342,0.652,0.981,1.26,1
15,51,m,23.3,1064.087,4.441,1.336,8.696,9.13,6.125,4.983,0.037,3.5,7.978,0.413,0.3,1.032,1.345,1
16,47,m,24.1,861.255,5.081,-0.04,6.83,6.939,0.801,0.754,0.113,2.484,1.226,0.632,0.219,0.51,1.351,0
16,47,m,24.2.1,984.045,3.435,0.512,7.818,8.295,3.785,6.276,0.038,3.512,4.159,0.416,0.629,1.146,1.598,0
16,47,m,24.2.2,922.135,5.347,0.491,7.385,8.077,1.506,3.234,0.091,2.987,2.971,0.552,0.509,1.515,1.92,0
16,47,m,24.2.3,931.565,3.753,0.43,7.478,8.234,1.293,3.212,0.111,2.795,2.603,0.565,0.607,1.629,2.045,0
16,47,m,24.3.1,1059.147,3.705,0.887,8.56,9.02,4.673,5.153,0.033,3.784,5.28,0.453,0.485,1.063,1.459,0
16,47,m,24.3.2,981.848,3.1,0.364,7.866,8.183,2.723,4.895,0.033,3.7,4.237,0.471,0.477,1.196,1.682,0
16,47,m,24.3.3,924.184,3.256,0.437,7.368,7.891,2.233,5.044,0.039,3.513,4.266,0.477,0.489,1.488,1.972,0
17,19,m,25.1,1863.865,3.29,0.615,15.378,13.351,34.938,29.174,0.014,4.435,14.351,0.291,0.844,-0.457,-1.209,0
18,61,f,27.3,913.424,2.908,0.098,7.256,7.244,2.109,2.56,0.052,3.285,2.241,0.569,0.522,0.76,1.578,0
18,61,f,27.4,1022.723,3.03,0.263,8.231,8.264,2.052,2.524,0.053,3.303,2.316,0.609,0.497,0.659,1.369,0
18,61,f,27.1.1,771.61,1.986,0.058,6.119,6.119,0.986,1.045,0.097,2.576,1.314,0.638,0.353,0.47,1.23,0
18,61,f,27.1.2,771.61,1.986,0.058,6.119,6.119,0.986,1.045,0.097,2.576,1.314,0.638,0.353,0.47,1.23,0
18,61,f,27.2.1,1013.144,4.74,0.767,8.156,8.233,3.572,4.263,0.034,3.713,3.726,0.528,0.527,0.992,1.516,0
18,61,f,27.2.2,1028.481,4.599,0.72,8.293,8.375,3.583,4.883,0.032,3.776,4.04,0.516,0.53,1.035,1.574,0
18,61,f,27.5.1,1125.534,3.791,0.826,9.081,8.885,3.851,3.45,0.037,3.656,2.981,0.526,0.598,0.825,1.334,0
18,61,f,27.5.2,981.119,4.388,1.272,7.821,7.918,1.968,2.344,0.064,3.157,2.784,0.531,0.358,1.169,1.546,0
19,60,f,28.1,775.305,2.924,0.068,6.136,6.144,1.202,2.861,0.063,3.059,3.254,0.541,0.218,0.612,1.82,0
19,60,f,28.4,955.633,5.442,0.651,7.633,7.692,2.816,3.879,0.042,3.506,3.516,0.554,0.481,1.109,1.807,0
19,60,f,28.6,991.662,4.014,1.106,7.948,8.104,1.945,3.457,0.058,3.249,3.221,0.526,0.425,1.469,2.016,0
19,60,f,28.2.1,774.491,3.458,0.943,6.075,6.208,1.428,1.938,0.084,2.81,1.925,0.583,0.439,1.214,1.617,0
19,60,f,28.2.2,814.794,7.597,1.381,6.485,6.572,1.569,1.915,0.08,2.908,1.892,0.618,0.462,1.144,1.662,0
19,60,f,28.3.1,1048.018,4.019,0.89,8.469,8.601,2.982,4.592,0.042,3.521,3.397,0.58,0.567,1.182,1.677,0
19,60,f,28.3.2,1043.348,3.732,0.795,8.429,8.669,3.004,5.187,0.041,3.594,4.585,0.568,0.464,1.237,1.721,0
19,60,f,28.5.1,1011.989,3.154,0.436,8.136,8.367,2.11,3.572,0.051,3.355,2.912,0.601,0.514,1.189,1.747,0
19,60,f,28.5.2,975.772,28.253,4.542,7.852,7.693,7.777,3.683,0.056,3.277,5.824,0.565,0.529,1.357,1.959,0
20,61,f,29.1.1,895.826,9.646,2.052,7.138,7.376,2.321,4.092,0.071,3.16,3.569,0.554,0.471,1.599,2.19,0
20,61,f,29.1.2,868.095,3.945,0.765,6.919,7.179,1.399,2.823,0.077,2.973,2.524,0.595,0.444,1.567,2.191,0
20,61,f,29.2.1,908.419,3.597,0.83,7.265,7.543,1.135,3.547,0.077,2.898,3.637,0.611,0.28,1.777,2.398,0
20,61,f,29.2.2,942.73,3.894,0.879,7.579,7.852,1.612,4.616,0.062,3.13,4.283,0.588,0.37,1.754,2.414,0
20,61,f,29.3.1,868.039,3.246,0.055,6.89,7.029,1.644,3.295,0.063,3.136,2.981,0.59,0.425,1.427,2.302,0
20,61,f,29.3.2,896.494,2.976,0.068,7.116,7.273,1.905,3.797,0.055,3.28,3.224,0.58,0.465,1.451,2.324,0
21,46,m,31.1.1,1963.667,3.379,-0.23,16.278,15.111,3.312,23.543,0.046,3.352,27.222,0.413,0.056,-2.65,-3.297,0
21,46,m,31.1.2,1876.333,14.668,-3.273,15.542,14,13.248,30.479,0.036,3.598,36.292,0.379,0.244,-1.74,-2.204,0
21,46,m,31.1.3,1536.821,9.492,-2.255,12.641,10.321,12.794,28.359,0.026,3.831,36.372,0.314,0.267,-1.691,-2.084,0
21,46,m,31.1.4,1700.944,6.543,-2.018,14.083,13.118,23.354,36.562,0.027,3.878,38.299,0.349,0.386,-1.334,-1.66,0
21,46,m,31.1.5,1346.231,5.125,-1.47,10.923,12.423,17.302,22.475,0.056,3.179,28.885,0.304,0.333,0.618,1.291,0
22,61,f,35.1.1,989.333,1.891,0.135,8,7.958,0.708,1.102,0.088,2.55,1.531,0.571,0.159,-0.478,-1.408,1
22,61,f,35.1.2,932.938,3.877,0.494,7.508,7.551,1.125,1.369,0.072,2.899,1.762,0.586,0.296,0.796,1.406,1
22,61,f,35.1.3,926.895,3.772,0.674,7.427,7.573,1.489,2.283,0.063,3.074,2.042,0.571,0.475,1.232,1.749,1
22,61,f,35.2.1,985.199,11.698,2.346,7.928,8.153,2.161,2.948,0.079,2.983,2.276,0.615,0.571,1.452,1.953,1
22,61,f,35.2.2,958.44,8.618,1.625,7.7,7.948,0.97,1.772,0.105,2.633,1.688,0.631,0.425,1.604,2.246,1
23,54,f,36.1,804.696,7.13,1.65,6.348,6.685,1.531,3.912,0.06,3.065,4.054,0.495,0.307,1.477,2.081,0
23,54,f,36.2.1,675.346,3.784,0.168,5.154,5.543,0.476,1.219,0.155,2.298,1.466,0.632,0.25,1.684,2.169,0
23,54,f,36.2.2,670.98,5.503,0.382,5.14,5.53,0.56,1.259,0.152,2.245,1.31,0.632,0.394,1.709,2.247,0
24,50,f,37.3,1913.393,1.921,-0.093,15.798,15.792,5.733,5.445,0.025,3.952,3.869,0.461,0.654,-0.476,-1.18,1
24,50,f,37.4,1801.542,2.852,0.577,14.917,15.177,4.326,5.465,0.024,3.909,4.08,0.436,0.594,0.969,1.388,1
24,50,f,37.1.1,1154.442,2.679,-0.41,9.346,9.625,1.611,2.494,0.072,3.008,2,0.592,0.544,-0.845,-1.732,1
24,50,f,37.1.2,1196.871,3.663,-0.22,9.677,9.387,0.96,1.6,0.128,2.529,0.944,0.721,0.686,-0.899,-1.574,1
24,50,f,37.2.1,1303.321,2.19,0.118,10.58,10.938,4.811,5.638,0.026,3.842,3.105,0.484,0.717,0.77,1.286,1
24,50,f,37.2.2,1144.228,2.824,0.258,9.304,9.791,2.819,3.463,0.047,3.315,1.589,0.587,0.789,0.894,1.39,1
24,50,f,37.5.1,1115.514,2.103,0.144,9.009,9.117,5.422,6.314,0.026,3.88,3.415,0.527,0.712,0.598,1.279,1
24,50,f,37.5.2,1320.03,5.858,0.863,10.748,11.061,8.744,11.869,0.024,4.287,7.033,0.476,0.671,1.021,1.585,1
25,52,f,38.1,1393.039,5.285,1.389,11.368,11.949,6.088,10.246,0.032,3.894,3.824,0.512,0.813,1.345,1.736,1
25,52,f,38.4,1170.778,4.434,1.205,9.491,9.639,3.102,4.064,0.048,3.347,2.963,0.536,0.595,1.128,1.6,1
25,52,f,38.2.1,1252.023,3.703,0.174,10.174,10.477,6.07,9.405,0.026,4.091,5.11,0.507,0.692,0.952,1.6,1
25,52,f,38.2.2,1232.067,1.972,-0.514,9.933,10.767,1.129,2.079,0.114,2.44,2.067,0.571,0.599,1.217,1.615,1
25,52,f,38.2.3,1310.478,4.596,0.554,10.609,11.174,2.238,4.035,0.097,2.685,5,0.602,0.265,1.067,1.664,1
25,52,f,38.2.4,1457.911,3.644,0.567,11.911,11.67,3.974,9.087,0.038,3.752,9.768,0.481,0.279,1.202,1.95,1
25,52,f,38.2.5,1334.606,4.219,0.879,10.803,11.553,4.037,10.361,0.03,3.875,8.508,0.435,0.499,1.652,2.12,1
25,52,f,38.3.1,1131.27,3.381,0.147,9.189,9.946,3.018,7.051,0.046,3.34,4.581,0.469,0.657,1.192,1.834,1
25,52,f,38.3.2,1190.469,3.779,1.017,9.719,10.703,5.515,12.521,0.031,3.729,8.422,0.388,0.637,1.491,1.86,1
26,57,m,39.2,1090.291,4.664,1.243,8.835,9.254,4.012,5.449,0.045,3.55,2.9,0.548,0.72,1.197,1.543,1
26,57,m,39.1.1,951.839,2.768,0.063,7.613,7.919,1.415,1.756,0.069,2.948,1.444,0.644,0.578,0.837,1.364,1
26,57,m,39.1.2,1042.631,3.217,0.508,8.404,8.658,2.496,3.108,0.044,3.434,1.963,0.572,0.665,0.918,1.406,1
26,57,m,39.1.3,1027.384,3.241,0.744,8.257,8.526,3.249,4.206,0.042,3.523,2.079,0.582,0.737,1.039,1.448,1
27,55,m,40.3,1016.641,15.316,2.792,8.192,8.436,2.899,5.348,0.061,3.29,5.763,0.49,0.323,1.386,1.914,1
27,55,m,40.1.1,1037.304,5.963,1.529,8.373,8.473,2.371,3.926,0.07,3.132,2.767,0.571,0.58,1.473,1.991,1
27,55,m,40.1.2,1078.023,5.642,1.342,8.674,9.221,2.08,4.742,0.079,3.045,3.116,0.527,0.638,1.689,2.188,1
27,55,m,40.2.1,1092.914,5.911,1.76,8.81,9.155,4.223,6.381,0.063,3.32,3.603,0.559,0.686,1.396,1.751,1
27,55,m,40.2.2,1147.822,3.136,1.029,9.356,10.1,3.296,7.468,0.049,3.417,4.933,0.478,0.643,1.504,1.868,1
27,55,m,40.2.3,1058.409,4.516,1.157,8.545,9.004,1.945,4.504,0.061,3.25,3.913,0.549,0.464,1.564,2.019,1
27,55,m,40.2.4,1116.884,6.461,1.684,9.07,9.733,2.577,5.975,0.055,3.294,3.942,0.496,0.643,1.65,2.092,1
27,55,m,40.4.1,1147.065,2.87,0.96,9.323,9.121,4.864,10.042,0.028,3.847,13.524,0.319,0.102,0.916,1.682,1
27,55,m,40.4.2,1058.036,6.244,2.037,8.464,9.116,4.32,7.692,0.104,2.871,3.839,0.601,0.746,1.512,1.871,1
28,58,f,42.1.1,1106.259,3.346,0.132,8.944,9.389,3.349,4.034,0.045,3.518,4.37,0.48,0.437,0.937,1.432,1
28,58,f,42.1.2,1121.103,4.272,0.763,9.051,9.763,3.023,4.36,0.059,3.237,3.609,0.455,0.59,1.283,1.602,1
28,58,f,42.2.1,1322.055,2.413,-0.267,10.855,10.832,3.288,4.904,0.036,3.562,2.986,0.523,0.648,-0.788,-1.423,1
28,58,f,42.2.2,1315.667,7.592,2.006,10.647,10.275,8.699,3.866,0.034,3.706,7.853,0.446,0.418,0.882,1.322,1
28,58,f,42.2.3,1320.999,3.188,0.493,10.75,10.856,1.918,2.085,0.058,3.176,2.269,0.555,0.436,0.9,1.334,1
28,58,f,42.2.4,1324.269,3.188,0.493,10.75,10.856,1.918,2.085,0.058,3.176,2.269,0.555,0.436,0.9,1.334,1
29,37,f,43.1,723.584,3.699,0.586,5.663,5.97,0.778,2.742,0.114,2.585,2.619,0.649,0.341,2.22,3.246,0
29,37,f,43.3,660.278,6.512,1.309,5.124,5.167,1.391,1.644,0.086,2.799,1.428,0.653,0.532,1.125,1.622,0
29,37,f,43.4,831.375,4.734,0.988,6.602,6.49,2.162,1.965,0.063,3.108,1.932,0.601,0.535,0.919,1.398,0
29,37,f,43.2.1,838.363,3.819,0.84,6.661,7.017,3.212,6.193,0.038,3.714,4.668,0.515,0.545,1.475,2.034,0
29,37,f,43.2.2,698.857,5.225,1.246,5.51,5.755,0.821,1.542,0.117,2.464,1.398,0.627,0.456,1.557,2.163,0
29,37,f,43.2.3,761.571,5.559,1.44,6.02,6.566,3.122,10.837,0.041,3.43,9.434,0.481,0.415,2.186,2.96,0
30,72,m,45.1,1259.575,4.499,0.533,10.275,9.513,13.849,19.287,0.016,4.293,13.638,0.306,0.614,-0.128,-1.485,0
30,72,m,45.2,1588.949,2.576,0.101,13.082,12.99,3.442,4.602,0.028,3.915,5.173,0.416,0.362,-0.68,-1.418,0
30,72,m,45.3,1121.951,2.812,-0.471,9.049,9.579,11.705,16.561,0.016,4.356,14.47,0.298,0.506,-0.782,-1.411,0
31,39,m,46.1,1190,3.184,0.393,9.65,9.9,1.728,5.79,0.07,3.045,5.325,0.493,0.357,1.306,2.068,0
31,39,m,46.2.1,921,6.438,0.952,7.296,7.327,0.265,0.305,0.294,1.514,0.511,0.779,0.105,0.914,1.377,0
31,39,m,46.2.2,917.393,9.477,1.225,7.279,7.369,0.267,0.626,0.267,1.645,0.811,0.748,0.11,1.659,2.399,0
31,39,m,46.3.1,957.342,3.45,-0.47,7.785,7.835,0.169,0.429,0.404,1.286,0.601,0.813,-0.002,0.519,2.205,0
31,39,m,46.3.2,975.655,9.805,2.251,7.917,7.946,0.291,0.795,0.365,1.587,0.887,0.783,0.207,1.57,2.329,0
32,45,m,49.2,1943.282,2.618,-0.418,16.026,14.718,15.666,21.856,0.015,4.358,18.551,0.28,0.559,-1.02,-1.417,0
32,45,m,49.3,1719.366,3.489,-0.454,14.254,13.525,44.724,50.432,0.009,4.886,55.116,0.23,0.427,-0.53,-1.401,0
32,45,m,49.4,1781.225,4.321,0.168,14.75,15.719,37.088,62.452,0.014,4.447,31.594,0.24,0.716,0.916,1.555,0
32,45,m,49.1.1,2834.419,4.787,-1.355,23.628,23.233,8.048,11.934,0.024,4.05,12.233,0.338,0.403,-1.372,-1.813,0
32,45,m,49.1.2,2839,5.102,-1.182,23.651,23.401,10.367,8.496,0.023,4.058,11.366,0.315,0.403,-1.103,-1.51,0
33,28,f,50.1,1124.767,1.88,0.123,9.041,9.267,3.053,3.901,0.036,3.552,2.562,0.504,0.644,0.841,1.292,1
33,28,f,50.2.1,981,2.172,0.129,7.806,7.743,1.212,4.33,0.058,3.033,4.993,0.528,0.121,-1.328,-2.143,1
33,28,f,50.2.2,1159.399,2.723,-0.157,9.381,9.543,2.45,3.656,0.046,3.464,2.4,0.584,0.623,-0.306,-1.47,1
33,28,f,50.2.3,1133.46,3.071,-0.771,9.079,9.242,2.041,2.469,0.074,2.99,1.567,0.607,0.661,-0.594,-1.355,1
33,28,f,50.2.4,1216.929,2.231,-0.316,9.821,10.339,4.147,4.063,0.046,3.337,3.286,0.466,0.632,0.45,1.2,1
33,28,f,50.2.5,1186.627,2.863,-0.284,9.61,9.975,2.78,3.711,0.051,3.405,3.008,0.521,0.563,0.502,1.379,1
34,45,m,51.1.1,702.344,2.81,-0.393,5.484,5.641,0.25,1.058,0.237,1.584,1.164,0.766,0.164,2.4,3.395,0
34,45,m,51.1.2,698.551,2.675,-0.216,5.42,5.786,0.244,1.871,0.221,1.735,2.199,0.74,0.036,3.229,4.324,0
34,45,m,51.2.1,721.059,3.188,-0.056,5.824,5.868,0.145,0.38,0.413,1.227,0.515,0.813,0.026,1.211,2.14,0
34,45,m,51.2.2,722.234,3.319,-0.12,5.766,5.915,0.179,0.674,0.376,1.296,0.84,0.787,0.05,2.361,3.463,0
35,51,f,53.3,1422.85,4.923,1.049,11.659,11.978,11.366,13.139,0.018,4.362,4.965,0.469,0.804,1.037,1.476,1
35,51,f,53.4,1267.42,2.9,0.67,10.346,10.833,3.584,5.343,0.037,3.646,3.383,0.511,0.661,1.089,1.448,1
35,51,f,53.1.1,980.387,3.277,-0.012,7.839,8.278,4.071,4.201,0.045,3.43,2.512,0.524,0.72,0.741,1.382,1
35,51,f,53.1.2,1133.898,3.89,0.378,9.203,9.264,1.802,1.921,0.061,3.108,1.506,0.607,0.597,0.757,1.402,1
35,51,f,53.1.3,1115.326,2.384,-0.19,9,9.105,0.721,1.036,0.127,2.337,0.657,0.727,0.643,0.169,1.407,1
35,51,f,53.2.1,1167.509,3.628,0.822,9.463,9.63,2.008,2.539,0.056,3.195,1.681,0.591,0.641,0.948,1.408,1
35,51,f,53.2.2,1143.95,4.462,0.025,9.225,9.738,1.674,3.319,0.076,3.027,2.013,0.569,0.688,1.144,1.755,1
35,51,f,53.3.2,1188.569,3.817,0.753,9.606,9.416,3.129,2.987,0.037,3.612,2.81,0.51,0.547,0.763,1.377,1
35,51,f,53.5.1,988.448,5.006,1.365,7.983,7.957,2.224,2.636,0.074,3.11,2.845,0.548,0.416,1.23,1.764,1
35,51,f,53.5.2,765.213,3.523,0.465,6.013,6.303,0.786,1.585,0.122,2.603,1.437,0.664,0.456,1.362,1.809,1
36,43,f,54.1,1305,3.469,-0.163,10.623,10.311,2.197,3.563,0.055,3.339,2.623,0.527,0.578,-1.082,-1.566,0
36,43,f,54.2,1661.486,2.858,-0.813,13.671,13.186,5.335,7.83,0.031,3.806,3.907,0.499,0.734,-1.114,-1.464,0
36,43,f,54.3.1,1647.113,2.553,-0.584,13.547,13.052,5.153,7.776,0.027,3.869,5.061,0.427,0.641,-1.05,-1.421,0
36,43,f,54.3.2,1688.15,2.567,-0.814,13.875,13.331,5.559,7.709,0.033,3.636,5.494,0.432,0.616,-1.084,-1.392,0
37,35,f,55.1,1926.655,2.491,-0.379,16.034,15.379,28.033,30.339,0.012,4.489,13.638,0.289,0.774,-0.883,-1.3,0
37,35,f,55.2,1391.693,2.263,0.302,11.386,11.307,23.307,27.331,0.01,4.949,13.596,0.319,0.734,0.741,1.263,0
37,35,f,55.3,1665.625,2.418,0.372,13.65,13.781,23.328,31.746,0.012,4.562,21.631,0.241,0.615,0.841,1.349,0
37,35,f,55.4,1661.389,2.294,-0.191,13.667,14.014,9.667,11.597,0.022,3.923,18.514,0.185,0.136,0.3,1.278,0
37,35,f,55.5,1267.88,4.923,1.068,10.28,9.65,11.642,14.488,0.031,3.72,11.59,0.353,0.575,1.045,1.511,0
38,60,m,56.1,425.369,6.962,1.715,3.202,3.44,9.661,10.169,0.02,4.162,12.5,0.336,0.373,1.316,1.81,0
38,60,m,56.2,1438.515,3.62,0.201,11.748,11.799,10.577,11.51,0.013,4.644,12.527,0.318,0.433,0.603,1.383,0
38,60,m,56.5,965.451,5.728,1.601,7.716,7.843,1.145,1.72,0.119,2.624,1.735,0.647,0.408,1.445,2.004,0
38,60,m,56.6,1071.68,9.16,1.735,8.652,8.428,3.034,3.096,0.063,3.194,2.113,0.618,0.663,1.078,1.684,0
38,60,m,56.7,881.3,6.752,1.743,7.033,6.883,1.132,1.02,0.151,2.294,0.983,0.706,0.554,1.07,1.484,0
38,60,m,56.3.1,1475.316,3.306,1.006,12.112,12.584,21.988,25.143,0.013,4.87,13.026,0.354,0.73,1.052,1.384,0
38,60,m,56.3.2,1366.423,3.773,1.233,11.18,11.628,14.616,15.175,0.017,4.444,9.358,0.373,0.693,1.079,1.388,0
38,60,m,56.3.3,1236.054,3.75,1.159,10.054,10.532,8.835,11.725,0.021,4.331,8.488,0.403,0.604,1.181,1.533,0
38,60,m,56.3.4,1113.457,6.533,-0.092,9.022,9.408,1.847,3.644,0.115,2.664,3.125,0.621,0.485,1.49,2.232,0
38,60,m,56.4.1,1043.28,3.465,0.273,8.415,8.634,1.218,2.756,0.072,2.942,2.329,0.613,0.462,1.469,2.144,0
38,60,m,56.4.2,1058.294,2.756,0.42,8.5,8.772,0.721,1.647,0.098,2.579,2.037,0.625,0.186,1.498,2.163,0
38,60,m,56.4.3,1115.48,14.662,3.073,9.02,9.349,6.244,11.202,0.055,3.393,8.023,0.545,0.57,1.705,2.276,0
38,60,m,56.4.4,1010.985,5.004,0.999,8.092,8.581,1.468,6.182,0.073,2.979,5.073,0.602,0.467,2.235,2.987,0
39,27,m,58.1,731.535,3.904,-0.376,5.814,5.907,0.198,0.329,0.36,1.362,0.488,0.791,0.092,1.07,1.745,1
39,27,m,58.2,636.805,3.019,0.613,4.92,5.069,0.35,0.501,0.217,1.869,0.592,0.759,0.336,1.005,1.484,1
39,27,m,58.6,726.941,7.67,1.932,5.471,6.735,1.19,9.224,0.101,2.697,8.118,0.516,0.588,3.123,4.123,1
39,27,m,58.3.1,641.084,2.307,-0.095,4.988,5.036,0.397,0.776,0.188,1.986,0.753,0.752,0.38,1.134,1.849,1
39,27,m,58.3.2,639.43,2.933,0.38,4.98,5.023,0.457,0.801,0.176,2.032,0.848,0.741,0.34,1.402,2.245,1
39,27,m,58.4.1,647.616,2.837,0.176,5.041,5.185,0.286,0.404,0.286,1.667,0.486,0.798,0.33,0.982,1.474,1
39,27,m,58.4.2,626.475,3.982,0.389,4.836,4.926,0.334,0.421,0.306,1.631,0.443,0.828,0.427,0.846,1.521,1
39,27,m,58.4.3,636.432,4.178,0.555,4.938,5.089,0.414,0.639,0.225,1.934,0.654,0.781,0.41,1.128,1.656,1
39,27,m,58.5.1,677.525,3.613,-0.788,5.262,5.459,0.357,0.666,0.194,1.888,0.77,0.745,0.299,1.12,1.817,1
39,27,m,58.5.2,682.845,3.213,-0.544,5.293,5.556,0.311,1.1,0.193,1.959,1.289,0.72,0.164,1.835,2.551,1
40,54,f,60.1,919.823,8.513,1.021,7.292,7.387,0.407,1.476,0.228,1.953,1.417,0.733,0.306,2.392,3.612,0
40,54,f,60.2,1062.37,3.663,1.317,8.593,9.537,10.39,25.23,0.043,3.624,24.444,0.378,0.373,1.666,2.098,0
41,59,m,61.1,1697.84,2.539,0.523,14,13.36,5.84,10.19,0.023,3.931,13.74,0.316,0.175,-1.097,-1.673,0
41,59,m,61.2.1,1074.321,10.429,2.377,8.661,9.835,5.188,15.29,0.037,3.643,11.763,0.419,0.567,1.882,2.34,0
41,59,m,61.2.2,1060.176,5.162,1.499,8.529,10.279,4.426,18.407,0.041,3.549,16.235,0.379,0.535,2.016,2.374,0
41,59,m,61.2.3,1023.4,5.87,1.457,8.2,9.636,2.617,13.817,0.05,3.341,12.493,0.446,0.499,2.354,2.864,0
41,59,m,61.2.4,993.829,2.994,0.633,7.943,9.043,1.54,10.155,0.059,3.183,10.714,0.477,0.277,2.713,3.396,0
41,59,m,61.3.1,955.7,6.704,2.183,7.5,7.65,1.65,0.878,0.176,2.064,2.75,0.596,-0.083,0.949,1.217,0
41,59,m,61.3.2,994.75,4.127,1.292,7.917,8.292,1.91,2.665,0.095,2.697,3.5,0.525,0.269,1.218,1.523,0
41,59,m,61.3.3,1051.316,3.271,1.088,8.421,9.118,3.402,6.815,0.072,3.04,4.697,0.467,0.624,1.449,1.768,0
41,59,m,61.3.4,965.5,3.693,1.126,7.643,8.661,1.23,3.438,0.119,2.467,3.054,0.568,0.645,1.759,2.065,0
42,55,f,62.3,1044.794,2.413,0.313,8.454,8.423,3.217,4.93,0.043,3.386,3.273,0.553,0.612,1.044,1.613,1
42,55,f,62.4,1063.855,5.548,-0.787,8.592,8.507,4.873,6.421,0.029,3.829,6.513,0.467,0.428,-0.785,-1.551,1
42,55,f,62.1.1,1352.752,3.597,-0.449,11.069,11.005,0.956,1.134,0.097,2.607,0.876,0.687,0.585,-0.72,-1.37,1
42,55,f,62.1.2,1308.417,3.602,-0.354,10.694,10.757,0.657,0.712,0.128,2.216,0.701,0.708,0.491,0.338,1.253,1
42,55,f,62.1.3,1324.702,3.973,-0.644,10.83,10.878,0.609,0.788,0.131,2.24,0.676,0.713,0.523,0.354,1.355,1
42,55,f,62.2.1,1261.323,4.655,0.305,10.259,10.219,3.162,3.398,0.045,3.574,3.051,0.558,0.535,-0.505,-1.418,1
42,55,f,62.2.2,1172.424,2.617,-0.02,9.515,9.667,1.462,1.919,0.061,3,1.742,0.565,0.496,0.77,1.345,1
42,55,f,62.5.1,1103.78,3.389,0.937,8.927,9.012,4.165,5.756,0.034,3.61,5.622,0.447,0.44,1.068,1.536,1
42,55,f,62.5.2,1097.409,6.992,1.409,8.828,8.892,5.454,9.091,0.032,3.766,6.043,0.492,0.604,1.386,1.965,1
42,55,f,62.5.3,1062.833,8.135,1.874,8.5,8.477,6.769,12.064,0.049,3.529,7.282,0.531,0.639,1.492,2.018,1
42,55,f,62.6.1,1175.182,3.388,1.033,9.591,9.655,7.06,9.165,0.035,3.793,4.549,0.473,0.726,1.111,1.479,1
42,55,f,62.6.2,1128.529,7.506,1.984,9.118,9.941,15.163,28.12,0.03,3.987,17.659,0.435,0.637,1.564,1.987,1
42,55,f,62.6.3,875.686,7.785,1.767,7.023,7.09,0.93,0.879,0.178,2.255,0.869,0.726,0.522,1.203,1.689,1
43,50,f,63.1,2114.154,2.491,0.365,17.564,17.679,8.656,8.525,0.018,4.207,10.795,0.298,0.373,0.636,1.227,0
43,50,f,63.2,1541.038,3.044,0.968,12.654,14.611,15.726,21.795,0.029,3.725,7.514,0.371,0.914,1.215,1.469,0
43,50,f,63.3,1616.571,2.3,0.418,13.381,15.762,8.617,13.634,0.035,3.534,10.167,0.268,0.819,1.263,1.518,0
44,69,m,66.3,1182.912,2.848,-0.359,9.632,9.626,1.001,1.426,0.088,2.707,1.346,0.657,0.452,-0.743,-1.457,0
44,69,m,66.1.1,1085.455,2.695,-0.886,8.636,8.409,0.656,1.136,0.255,1.971,1.03,0.758,0.471,-1.309,-1.626,0
44,69,m,66.1.2,1311.801,2.272,0.414,10.713,10.535,4.289,4.617,0.029,3.842,2.871,0.511,0.682,0.611,1.232,0
44,69,m,66.1.3,1215.374,3.112,0.804,9.879,10.019,1.996,2.469,0.056,3.181,1.898,0.579,0.583,1.045,1.409,0
44,69,m,66.2.1,1227.182,4.738,1.034,9.997,9.978,3.66,3.802,0.039,3.649,2.366,0.547,0.683,0.982,1.44,0
44,69,m,66.2.2,1186.563,3.349,0.419,9.613,9.875,1.087,1.734,0.083,2.831,1.375,0.619,0.552,1.232,1.706,0
45,27,f,67.2,1160.878,2.65,0.332,9.366,9.079,5.565,5.467,0.029,3.884,3.47,0.52,0.693,0.647,1.259,1
45,27,f,67.4,918.838,2.565,0.14,7.325,7.413,1.399,1.544,0.07,2.952,1.247,0.635,0.58,0.614,1.291,1
45,27,f,67.1.1,1185.206,3.475,-0.768,9.598,9.629,2.698,2.881,0.053,3.396,2.145,0.574,0.616,-0.895,-1.371,1
45,27,f,67.1.2,1062.133,2.192,-0.281,8.513,8.63,3.489,3.621,0.038,3.547,2.106,0.587,0.706,-0.597,-1.228,1
45,27,f,67.1.3,1099.555,2.675,0.239,8.851,8.766,4.367,4.163,0.025,3.961,3.437,0.478,0.598,0.582,1.251,1
45,27,f,67.3.1,1050.33,2.713,0.196,8.474,8.563,4.541,4.532,0.03,3.832,2.057,0.568,0.774,0.619,1.261,1
45,27,f,67.3.2,1035.019,3.493,0.393,8.347,8.448,4.449,4.338,0.033,3.823,2.409,0.563,0.727,0.723,1.325,1
45,27,f,67.3.3,1084,3.22,0.181,8.776,8.758,4.28,4.333,0.032,3.856,2.623,0.549,0.695,0.443,1.327,1
46,25,f,68.1,1318.027,2.528,0.64,10.77,11.774,8.474,13.108,0.021,4.1,6.213,0.422,0.777,1.163,1.496,1
46,25,f,68.4,818.863,3.507,-0.144,6.473,6.585,1.993,2.289,0.05,3.385,2.238,0.55,0.481,0.446,1.419,1
46,25,f,68.5,1026.358,3.357,0.212,8.276,8.317,4.107,4.342,0.03,3.858,2.726,0.516,0.678,0.75,1.358,1
46,25,f,68.2.1,1020.683,2.578,0.089,8.163,8.146,2.591,3.003,0.044,3.406,2.154,0.586,0.617,0.619,1.336,1
46,25,f,68.2.2,1090.929,2.857,0.298,8.789,8.85,3.942,4.538,0.026,3.937,3.627,0.487,0.574,0.744,1.362,1
46,25,f,68.2.3,1122.357,2.884,0.471,9.052,9.221,3.441,4.381,0.03,3.795,3.921,0.491,0.506,0.953,1.445,1
46,25,f,68.2.4,1068.724,5.303,1.001,8.586,8.641,4.905,6.061,0.031,3.828,3.7,0.521,0.667,1.124,1.69,1
46,25,f,68.3.1,1072.59,5.657,1.039,8.646,8.601,6.534,6.022,0.025,4.062,3.726,0.508,0.704,0.933,1.431,1
46,25,f,68.3.2,1140.541,7.729,1.382,9.228,8.993,6.295,5.829,0.027,3.929,3.661,0.517,0.703,1,1.551,1
47,36,f,69.1.1,603.063,5.065,1.765,4.625,6.156,2.234,8.382,0.108,2.819,7.469,0.476,0.635,2.023,2.418,0
47,36,f,69.1.2,564.25,4.775,1.615,4.292,5.438,0.873,5.496,0.14,2.642,5.479,0.551,0.503,2.494,3.034,0
47,36,f,69.1.3,527.889,5.775,1.818,4,4.361,0.222,2.231,0.315,1.637,1.972,0.73,0.434,3.103,3.902,0
48,68,f,72.4,880.763,2.416,0.515,7,6.974,5.963,6.124,0.027,3.94,2.944,0.516,0.757,0.742,1.229,1
48,68,f,72.5,772.493,3.715,0.466,6.064,6.291,1.574,2.081,0.064,3.037,1.73,0.627,0.546,1.013,1.568,1
48,68,f,72.6,974.681,3.012,0.953,7.826,8.188,2.26,3.153,0.072,2.942,1.239,0.633,0.806,1.16,1.457,1
48,68,f,72.1.1,853.813,2.39,0.48,6.813,6.6,3.085,3.52,0.038,3.548,2.393,0.531,0.646,0.594,1.254,1
48,68,f,72.1.2,709.22,2.955,0.489,5.56,5.795,1.206,1.823,0.098,2.83,1.755,0.61,0.448,1.048,1.515,1
48,68,f,72.1.3,712.806,4.183,1.172,5.611,5.958,4.085,5.29,0.049,3.546,2.458,0.588,0.757,1.175,1.529,1
48,68,f,72.1.4,601,8.886,-0.804,4.696,4.89,1.015,1.544,0.116,2.548,1.689,0.673,0.363,1.247,1.837,1
48,68,f,72.2.1,913.24,2.236,0.541,7.333,7.275,5.245,5.537,0.029,3.87,3.147,0.496,0.709,0.769,1.217,1
48,68,f,72.2.2,822.73,2.701,0.832,6.546,6.554,5.459,5.782,0.036,3.761,2.957,0.543,0.737,0.92,1.278,1
48,68,f,72.2.3,784.933,4.152,0.992,6.217,6.309,3.811,4.306,0.05,3.509,2.478,0.597,0.697,1.061,1.45,1
48,68,f,72.2.4,760.779,3.631,0.67,6.006,6.174,1.855,2.382,0.065,3.11,1.599,0.63,0.634,1.045,1.518,1
48,68,f,72.2.5,671.903,3.548,0.694,5.269,5.548,0.842,2.619,0.14,2.591,2.134,0.668,0.473,1.843,2.584,1
48,68,f,72.3.1,910.391,2.525,0.309,7.274,7.159,3.439,3.743,0.034,3.65,2.184,0.54,0.698,0.571,1.3,1
48,68,f,72.3.2,805.139,2.245,0.563,6.417,6.503,1.882,2.285,0.07,3.031,2.017,0.587,0.52,0.953,1.374,1
48,68,f,72.3.3,844.793,2.701,0.635,6.712,6.706,3.496,4.492,0.036,3.66,2.796,0.55,0.655,0.91,1.405,1
49,54,m,73.1,918.53,9.595,2.141,7.341,7.535,2.203,4.068,0.093,2.986,2.797,0.613,0.586,1.667,2.256,1
49,54,m,73.3,1054.853,10.726,2.104,8.508,8.621,5.369,5.65,0.04,3.638,3.893,0.544,0.648,1.225,1.737,1
49,54,m,73.4,1071.587,14.487,3.256,8.62,8.686,11.426,12.744,0.07,3.447,9.864,0.521,0.593,1.508,2.013,1
49,54,m,73.5,1124.693,3.178,0.693,9.107,9.313,3.989,6.555,0.034,3.77,4.887,0.489,0.557,1.275,1.722,1
49,54,m,73.2.1,1107.518,3.406,0.858,8.941,8.943,5.914,6.024,0.029,3.998,3.724,0.506,0.688,0.966,1.38,1
49,54,m,73.2.2,1250.509,6.528,1.54,10.155,9.998,11.286,9.352,0.022,4.256,6.03,0.427,0.712,1.047,1.478,1
49,54,m,73.2.3,1135.353,3.179,0.747,9.162,9.449,5.93,6.865,0.027,3.852,4.544,0.437,0.653,1.076,1.479,1
49,54,m,73.2.4,1037,3.802,0.909,8.333,8.551,3.63,4.794,0.037,3.51,3.977,0.472,0.539,1.111,1.504,1
49,54,m,73.2.5,1207.36,4.007,0.582,9.8,10.23,3.12,5.117,0.049,3.286,5.09,0.382,0.417,1.205,1.64,1
49,54,m,73.2.6,877.889,9.143,1.667,6.956,7.164,1.376,1.77,0.104,2.786,1.903,0.642,0.412,1.272,1.806,1
49,54,m,73.2.7,898.362,5.638,1.365,7.143,7.412,1.227,1.804,0.12,2.671,1.807,0.625,0.436,1.481,2.015,1
50,63,f,74.1,677.775,4.128,1.048,5.35,5.419,0.378,0.781,0.212,2.002,0.856,0.714,0.283,1.312,1.782,0
50,63,f,74.2.1,652.266,3.66,0.49,5.089,5.424,0.536,1.409,0.149,2.369,1.424,0.675,0.364,1.668,2.243,0
50,63,f,74.2.2,660.972,10.74,1.953,5.159,5.411,0.676,1.508,0.169,2.276,1.154,0.706,0.542,1.761,2.415,0
50,63,f,74.3.1,653.519,8.934,2.039,5.13,5.597,0.477,2.5,0.254,2.046,2.26,0.721,0.429,2.511,3.279,0
50,63,f,74.3.2,668.268,8.277,1.994,5.241,5.75,0.558,3.491,0.237,2.198,3.116,0.705,0.427,2.732,3.614,0
51,45,f,75.3,1588.538,5.067,0.387,13.056,12.886,6.696,9.609,0.036,4.024,6.058,0.54,0.641,0.769,1.637,0
51,45,f,75.1.1,1779.899,8.916,-1.772,14.719,14.622,4.116,5.213,0.042,3.566,3.173,0.542,0.666,-1.281,-1.766,0
51,45,f,75.1.2,1790.059,4.724,-1.167,14.791,14.435,6.622,9.75,0.031,4.061,5.445,0.501,0.688,-1.181,-1.596,0
51,45,f,75.2.1,1544.835,4.786,-0.465,12.686,12.682,1.868,3.155,0.075,3.169,2.649,0.573,0.489,-0.979,-1.725,0
51,45,f,75.2.2,1853.135,2.923,-0.656,15.309,15.039,4.841,8.011,0.036,3.941,4.566,0.524,0.671,-1.061,-1.545,0
51,45,f,75.4.1,1458.542,3.066,0.617,11.938,11.664,2.496,3.062,0.059,3.23,1.419,0.625,0.762,0.631,1.371,0
51,45,f,75.4.2,1510.636,4.154,-0.062,12.429,12.617,1.803,6.204,0.081,3.231,4.519,0.535,0.527,1.32,2.413,0
52,20,f,76.3,689.964,10.824,2.649,5.408,5.431,13.522,13.361,0.079,3.51,4.801,0.603,0.821,1.351,1.764,1
52,20,f,76.1.1,1163.772,3.105,0.282,9.488,9.24,4.396,5.353,0.025,3.96,3.667,0.475,0.633,-0.556,-1.38,1
52,20,f,76.1.2,1131.714,2.284,-0.189,9.153,9.031,3.599,4.076,0.035,3.607,2.26,0.531,0.709,-0.712,-1.281,1
52,20,f,76.1.3,984.721,5.678,1.366,7.942,7.656,4.458,3.952,0.041,3.56,3.026,0.532,0.651,0.914,1.397,1
52,20,f,76.1.4,1271.676,4.79,1.22,10.351,10.284,2.985,3.852,0.039,3.456,3.608,0.449,0.477,1.03,1.466,1
52,20,f,76.2.1,858.021,7.734,1.743,6.823,6.802,8.116,8.614,0.034,3.985,4.884,0.525,0.708,1.221,1.711,1
52,20,f,76.2.2,782.812,10.136,2.124,6.208,6.27,8.286,8.261,0.045,3.803,4.172,0.577,0.748,1.256,1.755,1
52,20,f,76.2.3,752.129,22.7,3.917,5.935,6.278,1.996,4.491,0.128,2.499,3.391,0.654,0.537,2.047,2.866,1
52,20,f,76.4.1,952.178,6.202,1.842,7.667,8.036,24.339,28.199,0.026,4.33,6.801,0.494,0.876,1.271,1.619,1
52,20,f,76.4.2,980.24,6.625,1.753,7.914,8.208,15.879,20.095,0.021,4.355,6.756,0.472,0.82,1.293,1.693,1
53,50,m,77.1,1423.124,4.047,-0.32,11.631,11.588,4.444,4.638,0.029,3.943,3.262,0.529,0.641,-0.614,-1.395,1
53,50,m,77.4,939.35,3.754,0.963,7.528,8.012,4.493,7.126,0.027,3.93,4.378,0.46,0.661,1.225,1.599,1
53,50,m,77.2.1,924.276,4.697,1.323,7.379,7.595,2.718,3.62,0.065,3.272,3.259,0.491,0.498,1.273,1.652,1
53,50,m,77.2.2,1190.385,6.428,-0.135,9.678,9.866,2.233,3.132,0.05,3.404,3.293,0.556,0.399,1.001,1.766,1
53,50,m,77.2.3,1169.795,6.205,0.501,9.497,9.772,2.92,4.241,0.048,3.513,4.388,0.523,0.405,1.225,1.779,1
53,50,m,77.3.1,1195.702,6.211,0.236,9.688,9.699,4.127,4.591,0.036,3.848,4.052,0.517,0.536,0.559,1.611,1
53,50,m,77.3.2,1210.562,9.577,1.429,9.787,9.787,3.137,4.132,0.055,3.48,3.776,0.546,0.485,1.135,1.892,1
54,36,m,78.1,2786.657,10.537,-2.402,23.298,22.786,16.541,22.085,0.021,4.464,14.943,0.386,0.626,-1.379,-1.788,0
54,36,m,78.3,2932.129,4.582,-1.161,24.534,24.21,6.43,10.718,0.024,4.221,6.997,0.443,0.618,-1.409,-1.893,0
54,36,m,78.4,2818.826,6.134,-1.557,23.552,22.881,16.399,24.423,0.014,4.714,11.12,0.389,0.753,-1.363,-1.763,0
54,36,m,78.5,2589.066,2.98,-0.633,21.599,21.082,8.068,11.035,0.016,4.439,6.91,0.398,0.66,-1.085,-1.493,0
54,36,m,78.6,2181.634,2.472,-0.354,18.08,17.257,11.27,15.78,0.014,4.576,8.94,0.372,0.704,-1.029,-1.422,0
54,36,m,78.2.1,2854.018,2.982,-1.043,23.857,23.207,16.873,24.239,0.02,4.603,11.697,0.425,0.738,-1.173,-1.454,0
54,36,m,78.2.2,1974.104,3.194,-0.042,16.374,15.635,9.208,9.558,0.015,4.42,7.974,0.372,0.604,-0.8,-1.341,0
55,44,m,79.5,1071.073,3.165,0.944,8.606,8.885,5.413,8.322,0.034,3.824,3.133,0.52,0.796,1.192,1.576,0
55,44,m,79.1.1,1106.714,2.247,0.602,8.905,9.19,2.753,3.368,0.069,3.032,2.571,0.538,0.596,1.055,1.368,0
55,44,m,79.1.2,1329.129,2.511,0.733,10.806,11.831,3.382,6.899,0.039,3.489,4.589,0.44,0.698,1.374,1.673,0
55,44,m,79.1.3,1179.421,6.714,1.855,9.526,9.719,6.565,8.728,0.035,3.652,7.096,0.484,0.544,1.422,1.944,0
55,44,m,79.2.1,1294.28,3.858,0.846,10.527,11.054,4.851,7.583,0.027,3.994,6.398,0.407,0.521,1.264,1.641,0
55,44,m,79.2.2,1134.266,3.068,0.601,9.165,9.611,3.581,7.035,0.031,3.863,5.731,0.434,0.506,1.418,1.858,0
55,44,m,79.3.1,1182.155,3.863,0.415,9.586,9.857,2.36,4.87,0.039,3.645,4.591,0.503,0.4,1.378,2.119,0
55,44,m,79.3.2,1191.397,11.928,1.688,9.667,9.9,2.624,4.641,0.042,3.542,4.148,0.523,0.454,1.499,2.258,0
55,44,m,79.4.1,1113.728,6.196,1.968,9.037,8.824,9.468,8.003,0.047,3.594,6.448,0.482,0.636,1.18,1.512,0
55,44,m,79.4.2,1078.092,7.422,1.635,8.695,8.844,4.808,5.958,0.043,3.648,5.894,0.52,0.457,1.293,1.781,0
56,61,m,80.3,1102.928,4.523,0.319,8.901,9.079,5.144,5.3,0.026,3.96,3.272,0.521,0.69,0.347,1.325,1
56,61,m,80.4,933.467,2.956,0.168,7.454,7.706,2.937,4.095,0.038,3.632,3.09,0.552,0.577,0.873,1.509,1
56,61,m,80.1.1,755.674,2.974,0.904,5.977,6.099,1.79,1.903,0.069,2.956,1.529,0.598,0.59,1.029,1.369,1
56,61,m,80.1.2,724.7,4.141,1.021,5.7,5.894,1.16,1.47,0.084,2.769,1.556,0.604,0.426,1.132,1.527,1
56,61,m,80.2.1,841.664,3.851,0.352,6.697,6.922,1.203,1.782,0.099,2.812,1.372,0.657,0.568,1.09,1.633,1
56,61,m,80.2.2,680.8,5.161,0.667,5.25,5.629,0.388,1.242,0.201,2.098,1.229,0.704,0.392,1.751,2.207,1
56,61,m,80.2.3,858.461,4.055,0.382,6.818,7.253,1.305,3.764,0.084,3.012,3.091,0.62,0.489,1.743,2.415,1
56,61,m,80.2.4,865.12,6.283,1.101,6.889,7.368,0.914,3.043,0.114,2.678,2.326,0.651,0.558,1.95,2.571,1
56,61,m,80.2.5,673.385,10.117,1.603,5.277,5.713,1.539,6.035,0.094,2.912,4.306,0.661,0.567,2.365,3.353,1
56,61,m,80.5.1,801.267,4.483,0.967,6.341,6.439,2.328,2.406,0.05,3.351,2.694,0.536,0.433,1.031,1.449,1
56,61,m,80.5.2,877.286,7.183,1.569,6.96,7.057,3.739,3.585,0.042,3.563,3.595,0.532,0.511,1.073,1.499,1
57,50,m,81.1.1,908.174,3.796,0.32,7.304,7.228,0.473,0.611,0.162,2.142,1.076,0.632,0.012,-0.392,-1.417,0
57,50,m,81.1.2,950.553,3.484,0.543,7.596,7.66,0.454,0.469,0.167,2.026,0.894,0.681,0.036,0.794,1.359,0
57,50,m,81.1.3,948.75,3.474,0.607,7.614,7.665,0.373,0.461,0.186,1.871,0.744,0.71,0.112,0.932,1.47,0
57,50,m,81.2.1,906.797,3.056,0.438,7.266,7.266,0.508,0.5,0.173,2.078,0.75,0.7,0.255,0.655,1.311,0
57,50,m,81.2.2,891.411,3.262,0.573,7.143,7.192,0.408,0.45,0.201,1.955,0.781,0.7,0.092,0.8,1.372,0
57,50,m,81.2.3,884.946,2.81,0.358,7.089,7.134,0.438,0.464,0.193,1.983,0.768,0.702,0.152,0.823,1.39,0
57,50,m,81.2.4,907.854,4.136,0.807,7.22,7.235,0.83,0.765,0.143,2.39,1.021,0.672,0.36,0.918,1.426,0
57,50,m,81.2.5,897.414,3.252,0.15,7.164,7.239,0.546,0.679,0.154,2.258,0.877,0.688,0.29,0.816,1.468,0
57,50,m,81.3.1,908.463,2.665,-0.027,7.269,7.286,0.509,0.548,0.155,2.149,0.802,0.699,0.242,0.493,1.297,0
57,50,m,81.3.2,879.591,3.343,0.487,6.987,6.989,0.506,0.511,0.175,2.102,0.836,0.695,0.178,0.753,1.321,0
57,50,m,81.3.3,876.406,4.36,0.785,7,6.971,0.438,0.528,0.199,1.983,0.753,0.705,0.222,1.006,1.613,0
57,50,m,81.3.4,891.472,2.918,0.261,7.128,7.244,0.543,0.891,0.147,2.261,0.962,0.687,0.349,1.263,1.802,0
57,50,m,81.3.5,891.595,4.772,0.674,7.138,7.264,0.576,0.994,0.144,2.314,1.018,0.681,0.375,1.326,1.859,0
57,50,m,81.4.1,872.857,3.244,-0.046,6.984,6.782,0.492,1.123,0.191,2.104,1.266,0.718,0.262,-1.75,-2.556,0
57,50,m,81.4.2,892.797,2.822,0,7.146,7.199,0.464,0.553,0.172,2.054,0.669,0.731,0.347,0.815,1.459,0
57,50,m,81.4.3,893.252,2.738,0.032,7.141,7.175,0.461,0.62,0.169,2.094,0.704,0.73,0.354,0.839,1.506,0
57,50,m,81.5.1,885.048,2.776,-0.098,7.029,7.06,0.618,0.699,0.129,2.377,1.131,0.646,0.142,-0.37,-1.368,0
57,50,m,81.5.2,898.968,3.086,-0.325,7.095,7.206,0.467,0.711,0.145,2.225,0.968,0.678,0.193,0.566,1.447,0
58,23,m,82.2,1086.176,2.762,-0.063,8.784,9.505,12.797,13.966,0.016,4.427,10.475,0.307,0.629,0.766,1.302,0
58,23,m,82.1.1,972.618,3.043,0.478,7.764,7.073,5.635,6.004,0.02,4.106,8.027,0.344,0.351,-0.637,-1.293,0
58,23,m,82.1.2,972.618,3.043,0.478,7.764,7.073,5.635,6.004,0.02,4.106,8.027,0.344,0.351,-0.637,-1.293,0
59,51,f,84.3,897.895,2.422,-0.075,7.187,7.141,0.352,0.389,0.247,1.692,0.388,0.817,0.48,-0.534,-1.301,0
59,51,f,84.5,837.69,2.553,0.225,6.615,6.566,0.283,0.309,0.248,1.55,0.42,0.797,0.295,-0.591,-1.286,0
59,51,f,84.6,910.048,2.593,-0.445,7.238,7.143,0.324,0.468,0.2,1.827,0.667,0.717,0.173,-0.597,-1.498,0
59,51,f,84.1.1,844.549,3.005,0.354,6.746,6.708,0.217,0.263,0.319,1.382,0.433,0.796,0.102,-0.888,-1.349,0
59,51,f,84.1.2,875.195,5.834,1.2,6.979,6.996,0.387,0.427,0.279,1.762,0.464,0.8,0.431,0.955,1.518,0
59,51,f,84.1.3,860.84,5.465,0.868,6.858,6.875,0.46,0.513,0.227,1.922,0.52,0.781,0.467,0.951,1.549,0
59,51,f,84.2.1,899.47,2.826,-0.47,7.158,7.136,0.232,0.266,0.366,1.392,0.337,0.838,0.326,-0.275,-1.443,0
59,51,f,84.2.2,898.628,3.022,-0.26,7.165,7.132,0.335,0.359,0.269,1.662,0.384,0.816,0.449,-0.491,-1.338,0
59,51,f,84.2.3,909.535,2.538,-0.145,7.27,7.22,0.287,0.294,0.298,1.503,0.35,0.831,0.402,0.185,1.279,0
59,51,f,84.4.1,905.693,2.98,-0.064,7.23,7.215,0.329,0.349,0.253,1.67,0.423,0.798,0.376,-0.448,-1.325,0
59,51,f,84.4.2,914.233,2.734,-0.315,7.296,7.336,0.314,0.289,0.26,1.534,0.378,0.811,0.376,0.201,1.256,0
60,1,m,85.1,644.654,2.389,0.491,5.038,5.51,3.96,5.635,0.039,3.458,5.683,0.42,0.438,1.125,1.501,0
60,1,m,85.5,498.5,10.124,2.442,3.742,4.383,5.252,8.6,0.05,3.618,10.004,0.459,0.317,1.427,1.786,0
60,1,m,85.2.1,503.615,3.757,1.076,3.821,4.667,3.122,5.709,0.049,3.52,4.744,0.467,0.569,1.316,1.607,0
60,1,m,85.2.2,351.444,2.105,0.424,2.667,4.444,6.222,9.691,0.051,3.102,14.611,0.263,0.287,1.305,1.621,0
60,1,m,85.3.1,530.212,5.204,1.055,4.121,4.636,2.228,3.504,0.048,3.356,3.136,0.469,0.512,1.259,1.685,0
60,1,m,85.3.2,485,3.031,0.127,3.737,4.276,1.668,3.463,0.041,3.371,3.776,0.441,0.342,1.242,1.685,0
60,1,m,85.4.1,553.432,14.192,2.953,4.17,4.386,7.891,8.39,0.061,3.447,8.17,0.52,0.501,1.455,1.965,0
60,1,m,85.4.2,514.667,7.321,2.106,3.806,4.24,5.407,9.356,0.077,3.332,9.344,0.54,0.394,1.581,2.031,0
60,1,m,85.6.1,601.2,4.222,1.345,4.667,5.25,6.356,7.021,0.075,2.887,8.817,0.46,0.367,1.279,1.708,0
60,1,m,85.6.2,608.28,5.064,1.24,4.76,5.82,4.422,7.768,0.044,3.431,9.76,0.407,0.303,1.406,1.881,0
61,50,m,86.1,1732.029,2.94,0.612,14.207,14.702,8.85,13.82,0.017,4.551,11.098,0.363,0.534,1.087,1.505,0
61,50,m,86.2,1595.796,4.415,-0.467,13.136,13.01,12.92,13.027,0.015,4.472,7.221,0.421,0.722,-0.713,-1.345,0
61,50,m,86.7,1036.643,10.541,2.609,8.349,8.768,15.116,23.103,0.06,3.709,15.256,0.476,0.619,1.529,1.957,0
61,50,m,86.3.1,1595.063,2.712,0.537,13.135,13.365,8.846,11.591,0.017,4.356,8.74,0.401,0.58,0.965,1.442,0
61,50,m,86.3.2,1587.396,5.584,1.549,13.075,13.613,14.938,20.926,0.016,4.542,16.307,0.364,0.561,1.311,1.7,0
61,50,m,86.4.1,1881.108,2.307,-0.374,15.527,15.575,9.423,10.906,0.022,4.192,5.362,0.497,0.738,-0.727,-1.249,0
61,50,m,86.4.2,1881.108,2.307,-0.374,15.527,15.575,9.423,10.906,0.022,4.192,5.362,0.497,0.738,-0.727,-1.249,0
61,50,m,86.4.3,1823.43,1.983,-0.316,15.028,15.063,9.14,10.785,0.021,4.165,5.996,0.488,0.702,-0.634,-1.241,0
61,50,m,86.5.1,2214.742,3.187,-0.366,18.403,18.017,5.933,9.931,0.019,4.354,6.945,0.411,0.591,-1.164,-1.662,0
61,50,m,86.5.2,2212.868,3.209,-0.299,18.376,18.169,5.473,7.268,0.021,4.22,5.503,0.43,0.577,-0.931,-1.476,0
61,50,m,86.6.1,2500.161,2.767,-0.163,20.726,20.819,11.844,16.108,0.012,4.643,19.044,0.248,0.323,-0.816,-1.437,0
61,50,m,86.6.2,1114.345,3.191,0.491,9.034,8.754,4.482,4.625,0.033,3.728,4.323,0.469,0.534,0.609,1.305,0
61,50,m,86.6.3,1054.559,10.382,2.248,8.523,8.851,12.015,15.392,0.034,4.001,10.752,0.458,0.616,1.424,1.925,0
61,50,m,86.6.4,1054.559,10.382,2.248,8.523,8.851,12.015,15.392,0.034,4.001,10.752,0.458,0.616,1.424,1.925,0
62,62,m,87.1,822.487,12.609,3.147,6.564,7.244,2.297,5.723,0.221,2.319,5.013,0.663,0.478,1.854,2.325,0
62,62,m,87.3,761.02,8.109,2.378,6.1,6.35,0.65,1.108,0.363,1.704,0.86,0.791,0.566,1.534,1.909,0
62,62,m,87.5,743.105,5.059,1.253,5.877,6.154,0.459,2.305,0.228,2,2.162,0.718,0.33,2.523,3.332,0
62,62,m,87.2.1,724.912,4.88,-0.323,5.706,5.985,0.913,1.617,0.239,2.041,1.632,0.723,0.402,1.043,2.139,0
62,62,m,87.2.2,763.031,9.464,2.527,6,6.391,0.625,2.176,0.297,1.83,1.703,0.754,0.536,2.046,2.611,0
62,62,m,87.4.1,742.84,2.998,-0.044,5.84,5.9,0.134,0.15,0.543,0.942,0.24,0.88,0.169,-0.975,-1.471,0
62,62,m,87.4.2,815.739,2.4,0.379,6.478,6.438,0.503,0.567,0.204,1.961,0.491,0.788,0.544,0.796,1.34,0
62,62,m,87.4.3,756,2.366,0.453,6.029,6.014,0.256,0.257,0.392,1.436,0.471,0.824,0.082,0.791,1.449,0
62,62,m,87.4.4,794.488,5.546,1.245,6.277,6.307,0.493,0.62,0.271,1.91,0.606,0.788,0.459,1.229,1.739,0
62,62,m,87.4.5,766.737,2.887,0.547,6.105,6.148,0.214,0.322,0.409,1.407,0.393,0.842,0.277,1.158,1.749,0
62,62,m,87.4.6,757.741,9.29,2.222,6.074,6.407,0.291,0.667,0.385,1.553,0.852,0.785,0.247,1.782,2.296,0
62,62,m,87.4.7,776.415,11.659,2.714,6.094,6.637,0.878,4.599,0.241,2.127,2.995,0.724,0.691,2.599,3.4,0
63,70,m,88.1,858.754,2.684,0.418,6.877,6.781,0.353,0.426,0.219,1.843,0.614,0.746,0.225,-0.748,-1.404,1
63,70,m,88.2,857.204,2.902,0.465,6.816,6.806,0.313,0.32,0.271,1.642,0.5,0.787,0.21,0.358,1.349,1
63,70,m,88.3,931.095,4.772,-0.593,7.457,7.517,0.515,0.574,0.202,1.94,0.54,0.781,0.507,-0.62,-1.402,1
63,70,m,88.5,856.341,3.198,-0.02,6.795,6.668,0.379,0.62,0.21,1.968,0.835,0.739,0.185,-1.074,-1.662,1
63,70,m,88.4.1,866.508,28.16,-3.455,6.881,6.802,1.041,1.79,0.12,2.52,1.734,0.65,0.404,-1.652,-2.422,1
63,70,m,88.4.2,859.148,4.125,-0.548,6.852,6.88,0.534,0.967,0.131,2.43,1.315,0.641,0.13,-0.631,-1.595,1
63,70,m,88.4.3,877.491,3.241,0.576,6.954,6.975,0.655,0.803,0.124,2.393,0.993,0.673,0.321,0.754,1.435,1
63,70,m,88.6.1,862.097,16.207,-1.81,6.821,6.569,0.698,1.674,0.168,2.301,2.023,0.711,0.191,-1.714,-2.403,1
63,70,m,88.6.2,842.435,5.003,-0.493,6.635,6.615,0.302,0.354,0.263,1.632,0.538,0.78,0.182,-0.929,-1.402,1
63,70,m,88.7.1,856.044,3.005,-0.175,6.805,6.743,0.369,0.403,0.25,1.787,0.54,0.783,0.306,-0.847,-1.374,1
63,70,m,88.7.2,856.903,3.034,-0.193,6.825,6.762,0.319,0.356,0.269,1.68,0.5,0.79,0.266,-0.806,-1.36,1
64,52,m,89.1.1,912.645,4.526,1.495,7.226,7.419,2.433,3.324,0.104,2.784,3.548,0.572,0.395,1.375,1.805,0
64,52,m,89.1.2,915,5.223,1.527,7.211,7.533,1.956,3.236,0.091,2.875,3.467,0.569,0.363,1.464,1.938,0
64,52,m,89.2.1,1128.412,4.488,1.574,9.118,8.676,12.869,7.439,0.035,3.708,11.603,0.396,0.455,0.946,1.281,0
64,52,m,89.2.2,850.333,6.606,1.901,6.667,8.267,2.089,6.762,0.081,2.81,7.8,0.439,0.48,1.932,2.272,0
64,52,m,89.3.1,1052.905,12.65,2.601,8.476,9.131,8.678,14.876,0.027,3.867,11.679,0.403,0.541,1.608,2.15,0
64,52,m,89.3.2,766.294,2.754,0.814,6.029,6.654,1.205,8.491,0.092,2.735,8.566,0.538,0.238,3.069,4.154,0
65,62,f,90.3,932.603,13.405,2.819,7.453,7.574,2.455,2.949,0.101,2.926,2.758,0.622,0.495,1.476,2.05,1
65,62,f,90.1.1,958.311,4.556,0.865,7.72,7.82,1.58,2.083,0.099,2.826,1.361,0.679,0.637,1.171,1.712,1
65,62,f,90.1.2,970.727,6.34,1.42,7.813,8.214,2.163,4.323,0.085,3.06,2.455,0.64,0.686,1.549,2.036,1
65,62,f,90.2.1,925.313,3.352,0.696,7.407,7.523,1.362,1.895,0.076,2.905,1.449,0.636,0.567,1.096,1.557,1
65,62,f,90.2.2,946.65,2.849,0.491,7.591,7.757,1.496,2.366,0.07,3.02,1.632,0.63,0.6,1.116,1.568,1
65,62,f,90.4.1,1022.949,8.055,1.573,8.227,8.332,3.423,3.698,0.059,3.403,2.558,0.61,0.643,1.147,1.657,1
65,62,f,90.4.2,1034.116,10.421,2.219,8.336,8.309,4.935,4.096,0.062,3.408,2.579,0.614,0.718,1.191,1.668,1
65,62,f,90.5.1,1005.098,6.398,1.779,8.093,8.107,5.457,5.769,0.068,3.466,3.347,0.585,0.702,1.23,1.63,1
65,62,f,90.5.2,970.338,6.418,1.575,7.779,7.778,3.772,4.185,0.073,3.328,2.86,0.608,0.641,1.205,1.658,1
65,62,f,90.5.3,945.41,7.956,1.849,7.572,7.672,3.655,4.024,0.082,3.24,2.594,0.609,0.664,1.279,1.733,1
65,62,f,90.6.1,1047.284,3.207,0.586,8.396,8.668,3.702,6.565,0.036,3.696,3.399,0.525,0.704,1.16,1.632,1
65,62,f,90.6.2,1010.579,3.334,0.403,8.091,8.43,2.711,4.898,0.043,3.513,2.971,0.542,0.652,1.205,1.696,1
66,9,f,93.1,865.179,4.152,0.925,6.92,7.075,2.035,2.514,0.059,3.23,1.711,0.608,0.633,1.048,1.48,1
66,9,f,93.3,871.308,4.59,0.739,6.917,6.946,0.79,0.86,0.13,2.48,1.037,0.686,0.372,0.867,1.449,1
66,9,f,93.5,869.308,3.869,0.998,6.904,6.938,1.791,1.815,0.077,3,1.293,0.648,0.642,0.964,1.387,1
66,9,f,93.2.1,801.83,2.627,0.519,6.352,6.49,0.796,0.96,0.115,2.454,1.021,0.675,0.431,0.917,1.348,1
66,9,f,93.2.2,893.709,3.137,-0.138,7.127,7.348,1.073,1.499,0.078,2.861,1.342,0.606,0.504,0.789,1.484,1
66,9,f,93.4.1,1100.298,2.308,-0.097,8.885,8.974,0.544,0.607,0.132,2.18,0.834,0.693,0.283,0.649,1.266,1
66,9,f,93.4.2,842.762,4.385,0.934,6.697,6.664,1.331,1.316,0.106,2.757,1.104,0.691,0.583,0.923,1.412,1
67,10,f,94.1,765.864,3.426,0.679,6.017,6.233,0.83,1.119,0.106,2.523,1.081,0.622,0.475,1.161,1.587,1
67,10,f,94.3,905.421,3.041,0.178,7.262,7.441,0.607,1.743,0.137,2.381,1.952,0.701,0.209,1.958,3,1
67,10,f,94.2.1,722.736,3.393,0.578,5.667,5.851,0.694,1.106,0.127,2.437,1.128,0.677,0.403,1.142,1.56,1
67,10,f,94.2.2,817.087,3.623,0.581,6.497,6.645,1.296,1.875,0.076,2.916,1.35,0.643,0.591,1.071,1.574,1
67,10,f,94.4.1,774.473,2.807,0.249,6.103,6.231,0.503,0.76,0.152,2.231,0.899,0.688,0.308,1.1,1.621,1
67,10,f,94.4.2,904.019,25.091,4.069,7.204,7.332,3.005,4.164,0.118,2.649,3.453,0.684,0.528,1.775,2.552,1
67,10,f,94.5.1,844.707,5.478,0.942,6.675,6.742,0.429,0.581,0.192,1.932,0.695,0.734,0.32,1.194,1.731,1
67,10,f,94.5.2,772.671,33.183,4.863,6.11,6.409,2.878,5.187,0.102,2.715,3.854,0.617,0.557,1.992,2.855,1
68,67,f,95.1,685.833,6.109,1.666,5.381,6.131,0.807,5.757,0.188,2.473,5.298,0.646,0.424,2.745,3.434,0
68,67,f,95.2,650.19,6.001,1.356,5.103,5.276,0.541,2.295,0.247,2.05,2.845,0.743,0.009,2.242,3.161,0
68,67,f,95.4,699.07,3.675,-0.409,5.49,5.73,0.27,1.907,0.235,1.662,2.24,0.796,-0.004,3.178,4.501,0
68,67,f,95.5,685.219,5.065,0.502,5.325,5.403,0.269,0.425,0.266,1.614,0.597,0.779,0.153,1.16,1.688,0
68,67,f,95.3.1,677.114,2.525,0.279,5.271,5.368,0.198,0.418,0.345,1.377,0.518,0.818,0.187,1.395,1.788,0
68,67,f,95.3.2,685.885,2.249,0.112,5.367,5.538,0.232,0.982,0.279,1.595,1.088,0.792,0.163,2.119,2.835,0
68,67,f,95.6.1,651.467,2.437,-0.218,5.033,5.292,0.432,1.39,0.148,2.228,1.408,0.694,0.31,1.823,2.493,0
68,67,f,95.6.2,716.9,11.612,2.602,5.65,6.119,0.978,3.155,0.191,2.207,2.444,0.688,0.543,2.036,2.634,0
68,67,f,95.6.3,688.121,10.849,2.065,5.379,5.843,0.822,3.771,0.143,2.497,2.959,0.67,0.525,2.464,3.319,0
68,67,f,95.7.1,689.029,6.186,1.141,5.348,5.62,0.604,1.642,0.152,2.344,1.866,0.664,0.228,1.925,2.647,0
68,67,f,95.7.2,672.667,2.337,-0.294,5.233,5.604,0.379,2.231,0.173,2.173,2.571,0.683,0.096,2.909,4.111,0
68,67,f,95.7.3,674.119,2.368,-0.167,5.237,5.589,0.384,2.284,0.169,2.198,2.64,0.675,0.081,2.918,4.123,0
69,8,f,96.3,1451.517,1.94,-0.107,11.931,11.224,4.064,7.467,0.03,3.701,7.672,0.34,0.396,-1.191,-1.576,0
69,8,f,96.1.1,1629.393,10.07,1.779,13.429,12.777,10.959,19.691,0.026,3.919,16.08,0.332,0.51,1.018,1.745,0
69,8,f,96.1.2,1532.849,2.923,0.212,12.589,12.99,4.489,14.914,0.021,4.128,11.599,0.388,0.487,1.583,2.294,0
69,8,f,96.2.1,1436.283,3.094,0.027,11.717,12.231,2.731,5.253,0.032,3.708,6.561,0.415,0.223,1.255,1.734,0
69,8,f,96.2.2,1452.395,7.358,1.375,11.868,12.428,3.535,5.574,0.039,3.513,5.993,0.456,0.386,1.365,1.819,0
69,8,f,96.2.3,1450.219,2.827,0.433,11.813,12.242,2.465,5.496,0.039,3.414,5.695,0.453,0.333,1.431,1.918,0
69,8,f,96.4.1,1417.667,1.55,0.142,11.625,11.563,7.568,6.892,0.031,3.716,10.521,0.371,0.273,0.6,1.184,0
69,8,f,96.4.2,1366.909,1.882,0.473,11.212,11.152,6.228,7.144,0.026,3.881,10.455,0.343,0.219,0.738,1.3,0
69,8,f,96.4.3,1265.033,4.379,1.393,10.3,10.592,2.61,2.925,0.08,2.979,2.692,0.568,0.53,1.184,1.554,0
69,8,f,96.4.4,1347.821,2.332,0.152,11.071,11.705,6.781,12.047,0.026,3.943,12.705,0.308,0.361,1.177,1.618,0
70,12,f,97.1,2775.889,4.82,-1.522,23.198,21.858,15.714,31.714,0.022,4.31,21.191,0.342,0.628,-1.489,-1.825,0
70,12,f,97.2,1119.549,7.29,1.775,9.039,9.828,2.94,6.034,0.075,3.189,5.005,0.596,0.545,1.555,1.963,0
70,12,f,97.4,1497.044,2.914,0.903,12.283,13.15,22.026,35.026,0.011,4.866,32.867,0.259,0.449,1.203,1.554,0
70,12,f,97.5,1219.139,5.647,1.793,9.911,10.454,20.195,27.818,0.032,4.267,20.894,0.409,0.578,1.302,1.635,0
70,12,f,97.7,1593.195,2.312,0.538,13.126,13.753,25.789,37.422,0.009,4.977,33.086,0.256,0.491,0.966,1.382,0
70,12,f,97.9,1203.779,6.302,1.557,9.772,10.721,16.907,27.825,0.022,4.592,20.086,0.37,0.589,1.379,1.764,0
70,12,f,97.3.1,1318.287,4.505,1.288,10.723,11.194,12.498,17.96,0.015,4.534,17.566,0.33,0.438,1.232,1.631,0
70,12,f,97.3.2,1195.075,6.3,1.681,9.698,11.193,17.833,31.307,0.03,3.99,17.816,0.363,0.71,1.496,1.873,0
70,12,f,97.6.1,1663.956,2.875,0.97,13.681,14.051,36.854,41.924,0.008,5.141,44.728,0.22,0.435,0.99,1.332,0
70,12,f,97.6.2,1627.522,2.502,0.816,13.383,14.004,33.349,45.939,0.008,5.137,45.565,0.227,0.436,1.059,1.403,0
70,12,f,97.8.1,1230.115,5.067,1.588,10.023,10.092,22.85,24.767,0.042,4.155,23.322,0.42,0.511,1.161,1.519,0
70,12,f,97.8.2,1405.04,4.383,1.327,11.513,12.516,24.541,35.579,0.011,5.005,28.589,0.322,0.551,1.25,1.579,0
71,55,f,98.1,704.207,2.309,-0.1,5.58,5.902,14.457,14.792,0.023,4.39,16.582,0.359,0.437,0.572,1.28,0
71,55,f,98.2,418.674,2.088,0.015,3.193,3.627,6.321,7.679,0.041,3.828,9.467,0.433,0.339,0.807,1.372,0
71,55,f,98.5,282.689,1.754,0.492,2.162,2.637,5.825,8.785,0.094,3.421,11.103,0.446,0.261,1.127,1.503,0
71,55,f,98.3.1,553.225,4.304,0.729,4.335,4.404,11.036,10.342,0.024,4.202,10.618,0.376,0.504,0.978,1.458,0
71,55,f,98.3.2,1152.767,3.438,1.198,9.3,10.392,9.543,14.422,0.036,3.671,13.375,0.384,0.502,1.267,1.532,0
71,55,f,98.4.1,1567.059,2.069,0.374,12.765,14.735,18.415,22.606,0.034,3.556,22.588,0.27,0.547,0.967,1.27,0
71,55,f,98.4.2,424.141,1.892,-0.288,3.251,3.399,5.382,6.596,0.034,3.831,7.766,0.403,0.355,0.538,1.322,0
72,52,f,99.1,375.824,2.711,0.403,2.667,3.093,1.007,2.143,0.069,2.902,1.956,0.596,0.468,1.316,1.781,1
72,52,f,99.2.1,409.333,2.676,0.621,3.063,3.365,1.017,1.669,0.106,2.562,1.177,0.674,0.614,1.213,1.547,1
72,52,f,99.2.2,402.957,2.297,0.465,2.979,3.277,0.787,1.445,0.111,2.48,1.181,0.671,0.534,1.205,1.557,1
72,52,f,99.3.1,591.923,3.15,1.05,4.538,4.692,1.018,0.982,0.14,2.39,1.269,0.642,0.377,0.99,1.277,1
72,52,f,99.3.2,475.413,2.53,-0.152,3.609,3.685,0.716,0.748,0.141,2.314,1.011,0.671,0.314,0.211,1.308,1
72,52,f,99.3.3,445.804,2.185,-0.106,3.373,3.544,0.626,0.817,0.126,2.294,0.799,0.706,0.471,0.578,1.315,1
72,52,f,99.3.4,487.098,3.293,0.454,3.706,3.745,0.874,0.808,0.133,2.427,1.078,0.66,0.36,0.643,1.329,1
73,35,f,100.1,928.024,2.647,0.583,7.366,7.628,1.159,1.965,0.091,2.687,1.774,0.587,0.47,1.219,1.551,1
73,35,f,100.4,1227.74,3.66,1.129,9.971,10.365,10.124,11.612,0.028,4.188,8.755,0.416,0.606,1.106,1.427,1
73,35,f,100.5,952.053,10.303,2.055,7.634,8.13,1.667,4.907,0.1,2.839,2.79,0.67,0.705,1.941,2.551,1
73,35,f,100.2.1,988.14,9.338,2.277,7.907,7.895,3.34,2.867,0.078,3.05,3.169,0.594,0.491,1.244,1.698,1
73,35,f,100.2.2,1137.072,6.855,1.772,9.196,10.098,11.621,19.552,0.023,4.248,12.49,0.407,0.647,1.443,1.829,1
73,35,f,100.3.1,995.772,6.834,1.953,7.98,8.696,6.712,13.494,0.043,3.744,11.696,0.47,0.474,1.625,2.062,1
73,35,f,100.3.2,930.82,5.973,1.359,7.426,7.787,0.835,2.84,0.133,2.502,2.73,0.657,0.349,2.164,3.018,1
73,35,f,100.3.3,963.723,25.262,4.232,7.754,8.419,2.924,11.559,0.102,2.794,7.058,0.63,0.677,2.42,3.235,1
73,35,f,100.3.4,998.897,6.691,1.708,8,9.009,2.207,13.629,0.058,3.088,11.112,0.507,0.523,2.604,3.306,1
73,35,f,100.3.5,937.077,3.24,0.729,7.56,8.242,0.642,9.018,0.179,2.295,9.478,0.736,0.134,4.241,5.631,1
73,35,f,100.6.1,949.776,8.289,2.073,7.612,7.564,1.544,2.236,0.154,2.448,1.298,0.72,0.668,1.546,2.183,1
73,35,f,100.6.2,976.795,22.855,3.688,7.831,8.75,2.068,11.224,0.118,2.761,8.364,0.644,0.599,2.598,3.363,1
74,68,m,101.1,829.64,7.428,1.843,6.44,7.39,1.046,5.918,0.092,2.765,6.55,0.544,0.265,2.529,3.128,0
75,27,f,102.1,1133.435,3.661,-1.336,9.161,9.182,1.937,2.149,0.164,2.609,1.458,0.685,0.644,-1.09,-1.389,1
75,27,f,102.2,1100.013,1.948,-0.496,8.883,9.519,2.649,2.152,0.077,2.897,1.695,0.606,0.735,0.51,1.109,1
75,27,f,102.3,1069.775,1.894,-0.32,8.62,8.718,2.891,2.764,0.054,3.248,1.646,0.612,0.711,-0.61,-1.163,1
75,27,f,102.4,1141.541,2.38,-0.621,9.234,9.258,3.418,3.604,0.061,3.361,2.139,0.607,0.696,-0.83,-1.259,1
75,27,f,102.5,1087.66,13.223,1.705,8.776,8.92,4.584,4.926,0.04,3.521,3.712,0.554,0.612,1.068,1.702,1
75,27,f,102.6,1013.235,1.744,-0.151,8.11,8.426,2.892,5.281,0.059,3.299,4.599,0.587,0.47,0.928,1.529,1
76,62,m,103.2,1459.95,3.356,1.042,11.95,12.25,13.648,18.263,0.023,3.899,21,0.267,0.348,1.111,1.478,0
76,62,m,103.1.1,1152.8,6.693,1.696,9.325,10.525,7.169,14.312,0.03,3.885,10.363,0.362,0.62,1.428,1.736,0
76,62,m,103.1.2,1096.629,4.595,1.238,8.829,10.236,4.942,13.252,0.029,3.746,9.236,0.373,0.676,1.651,1.975,0
77,8,f,104.4,975.584,5.691,1.192,7.825,7.827,2.463,2.619,0.058,3.244,1.777,0.612,0.651,1.087,1.554,1
77,8,f,104.1.1,847.864,3.216,0.43,6.753,6.63,0.754,0.888,0.114,2.492,1.074,0.663,0.356,-0.54,-1.387,1
77,8,f,104.1.2,833.592,3.084,-0.108,6.62,6.539,0.968,0.896,0.102,2.626,1.243,0.624,0.337,-0.678,-1.313,1
77,8,f,104.1.3,858.71,8.097,1.367,6.824,6.952,0.985,2.668,0.119,2.584,1.708,0.673,0.605,2.052,2.954,1
77,8,f,104.2.1,857.865,7.686,-1.597,6.838,6.676,0.568,1.043,0.259,2.076,1.297,0.722,0.221,-1.328,-1.786,1
77,8,f,104.2.2,842.568,4.226,-1.145,6.682,6.551,0.899,1.179,0.165,2.433,1.278,0.693,0.397,-1.114,-1.485,1
77,8,f,104.2.3,856.615,4.063,-0.577,6.808,6.731,0.848,1.036,0.116,2.602,1.144,0.669,0.398,-0.796,-1.459,1
77,8,f,104.3.1,723.356,5.914,-0.596,5.695,5.903,0.788,0.808,0.149,2.238,0.86,0.702,0.488,0.577,1.479,1
77,8,f,104.3.2,883.778,5.19,0.559,7.046,7.326,1.507,3.771,0.072,3.028,3.345,0.579,0.422,1.682,2.309,1
77,8,f,104.5.1,938.514,6.586,1.063,7.542,7.505,1.613,1.596,0.08,2.952,1.93,0.599,0.399,0.774,1.473,1
77,8,f,104.5.2,921.036,4.412,0.926,7.375,7.331,3.136,3.278,0.046,3.535,3.213,0.561,0.5,0.986,1.479,1
78,58,f,105.1.1,710.05,3.707,-0.072,5.6,5.675,0.34,0.382,0.213,1.771,0.625,0.733,0.142,0.522,1.304,0
78,58,f,105.1.2,716.408,3.266,-0.094,5.673,5.75,0.383,0.412,0.198,1.866,0.638,0.724,0.205,0.696,1.325,0
78,58,f,105.1.3,701.419,5.196,1.09,5.512,5.715,0.575,1.041,0.144,2.311,1.25,0.639,0.263,1.441,1.951,0
78,58,f,105.2.1,693.029,4.176,0.668,5.4,5.521,0.697,0.721,0.124,2.34,1.036,0.662,0.28,0.811,1.3,0
78,58,f,105.2.2,727.727,2.303,0.255,5.727,5.78,0.562,0.944,0.131,2.305,1.053,0.682,0.313,0.864,1.502,0
78,58,f,105.3.1,714.798,2.744,-0.218,5.607,5.693,0.405,0.421,0.201,1.9,0.664,0.729,0.206,0.56,1.349,0
78,58,f,105.3.2,710.867,3.824,0.264,5.567,5.65,0.479,0.519,0.19,1.954,0.775,0.698,0.231,0.878,1.548,0
78,58,f,105.4.1,723.5,2.442,-0.01,5.737,5.934,0.352,0.325,0.236,1.688,0.526,0.753,0.28,0.873,1.284,0
78,58,f,105.4.2,716.853,2.993,0.366,5.588,5.713,0.301,0.337,0.221,1.655,0.669,0.701,-0.024,0.914,1.349,0
79,58,f,106.1,714.565,3.53,-0.176,5.565,6.136,2.115,3.422,0.053,3.348,4.114,0.484,0.325,1.06,1.606,0
79,58,f,106.2.1,800.214,3.168,0.486,6.341,6.354,2.17,2.336,0.046,3.406,2.453,0.534,0.456,0.805,1.367,0
79,58,f,106.2.2,690.62,4.335,-0.051,5.437,5.623,1.739,2.7,0.057,3.25,3.356,0.514,0.258,0.794,1.661,0
79,58,f,106.3.1,735.582,4.839,1.029,5.795,6.271,3.971,6.728,0.032,3.833,4.031,0.479,0.667,1.335,1.761,0
79,58,f,106.3.2,668.929,3.107,0.218,5.228,5.64,1.987,3.703,0.04,3.53,3.341,0.498,0.464,1.281,1.818,0
79,58,f,106.3.3,781.234,4.887,1.159,6.193,6.86,5.069,10.003,0.024,4.127,6.685,0.434,0.62,1.425,1.845,0
79,58,f,106.4.1,953.375,4.356,0.669,7.621,7.958,6.589,8.453,0.018,4.414,8.426,0.4,0.451,0.992,1.511,0
79,58,f,106.4.2,960.871,4.398,0.634,7.686,8.174,7.212,10.776,0.017,4.49,9.958,0.389,0.469,1.172,1.671,0
79,58,f,106.5.1,1261.302,2.324,0.052,10.292,10.295,9.433,9.604,0.015,4.431,6.837,0.388,0.641,0.344,1.222,0
79,58,f,106.5.2,1165.272,4.32,1.149,9.451,9.446,11.882,10.624,0.016,4.519,8.788,0.404,0.61,0.953,1.348,0
80,45,f,108.4,1758.179,2.51,0.565,14.536,15.295,4.606,5.19,0.033,3.589,4.402,0.427,0.611,0.88,1.252,0
80,45,f,108.1.1,854.5,3.078,0.715,6.844,6.805,0.632,0.688,0.137,2.216,1.039,0.677,0.214,0.822,1.349,0
80,45,f,108.1.2,866.04,3.751,-0.181,6.92,6.97,0.714,0.789,0.123,2.384,1.37,0.626,0.09,0.856,1.37,0
80,45,f,108.2.1,889.122,2.267,0.288,7.071,7.084,0.658,0.837,0.118,2.314,0.941,0.695,0.373,0.709,1.329,0
80,45,f,108.2.2,875.455,2.053,0.129,6.964,7.014,0.58,0.986,0.135,2.169,0.995,0.714,0.379,0.933,1.427,0
80,45,f,108.3.1,907.917,3.74,0.498,7.278,7.306,0.478,0.546,0.153,2.099,0.75,0.692,0.269,0.468,1.32,0
80,45,f,108.3.2,853.896,2.809,0.519,6.761,6.631,0.48,0.591,0.156,2.047,0.646,0.726,0.416,0.374,1.323,0
81,35,f,109.1.1,1047.759,3.845,1.349,8.379,8.802,4.58,8.09,0.052,3.456,7.509,0.429,0.439,1.276,1.664,0
81,35,f,109.1.2,910.069,3.276,0.611,7.345,7.784,0.571,1.014,0.131,2.334,1.129,0.663,0.426,1.29,1.672,0
81,35,f,109.1.3,1003.435,6.408,1.912,8,8.728,3.478,5.981,0.073,3.121,5.641,0.487,0.477,1.462,1.785,0
81,35,f,109.1.4,948.6,3.358,0.839,7.65,7.888,1.061,2.55,0.092,2.799,2.796,0.581,0.265,1.513,2.135,0
81,35,f,109.1.5,851.425,4.884,1.098,6.775,7,0.424,1.263,0.177,2.054,1.288,0.697,0.307,1.755,2.277,0
82,34,f,110.3,1165.065,4.824,1.504,9.435,11.383,11.181,32.22,0.026,4.065,15.181,0.374,0.843,1.745,2.114,1
82,34,f,110.5,1158.59,4.516,1.375,9.359,10.407,8.153,16.921,0.026,3.992,8.676,0.438,0.745,1.5,1.84,1
82,34,f,110.1.1,1116.167,2.947,-0.08,8.985,8.951,1.803,2.221,0.059,3.156,2.542,0.564,0.371,0.521,1.349,1
82,34,f,110.1.2,1296.724,5.056,1.386,10.563,10.943,4.269,7.158,0.036,3.677,5.534,0.474,0.546,1.348,1.728,1
82,34,f,110.1.3,1229.692,3.822,1.119,9.962,10.452,3.575,7.882,0.05,3.323,6.798,0.478,0.462,1.495,1.901,1
82,34,f,110.1.4,1213.296,3.227,0.537,9.889,10.62,1.654,5.865,0.049,3.182,4.935,0.468,0.501,1.878,2.297,1
82,34,f,110.2.1,1178.9,3.871,1.239,9.575,10.244,3.294,6.547,0.066,3.256,3.919,0.553,0.686,1.462,1.813,1
82,34,f,110.2.2,1358.017,5.948,1.651,11.085,12.195,12.484,25.598,0.037,3.841,10.695,0.465,0.8,1.574,1.996,1
82,34,f,110.4.1,2993.487,10.279,-1.655,25.077,24.058,4.815,15.022,0.051,3.644,10.41,0.474,0.615,-1.901,-2.502,1
82,34,f,110.4.2,1393.788,2.206,0.651,11.375,12.531,13.209,19.174,0.02,4.27,8.081,0.406,0.806,1.11,1.427,1
82,34,f,110.4.3,1120.02,3.49,0.942,9.039,10.015,2.547,7.838,0.039,3.568,6.142,0.445,0.581,1.676,2.051,1
83,45,m,111.1.1,1027.65,2.763,0.545,8.25,8.45,1.688,2.748,0.074,2.946,4.075,0.455,0.093,1.101,1.584,0
83,45,m,111.1.2,993.188,2.64,0.313,7.938,8.484,1.059,2.531,0.08,2.805,3.141,0.487,0.229,1.415,1.798,0
84,56,f,112.1,988.125,14.542,3.207,7.975,9.031,3.624,12.055,0.087,2.998,8.056,0.53,0.661,2.012,2.491,0
84,56,f,112.2,911.167,2.375,0.066,7.278,7.444,0.256,1.233,0.224,1.817,1.125,0.728,0.349,2.241,3.04,0
84,56,f,112.3,898.429,9.472,2.379,7.2,8.021,0.331,6.892,0.469,1.486,6.007,0.773,0.626,4.584,5.889,0
85,38,m,113.1,773.879,6.837,1.963,6.061,6.341,3.027,4.194,0.098,2.894,3.598,0.563,0.519,1.397,1.815,1
85,38,m,113.2,777.202,14.74,3.019,6.143,6.288,2.66,3.096,0.083,3.018,3.044,0.577,0.476,1.4,1.864,1
85,38,m,113.3,721.667,5.765,1.294,5.667,5.939,0.889,1.708,0.12,2.57,1.439,0.651,0.5,1.433,1.916,1
86,42,f,114.1,1288.217,3.796,-1.252,10.565,10.261,1.202,2.041,0.139,2.56,1.402,0.645,0.617,-1.342,-1.684,1
86,42,f,114.2,1415.5,7.693,1.218,11.571,11.446,0.769,0.89,0.135,2.341,1.268,0.664,0.246,0.673,1.491,1
86,42,f,114.3,1304.6,2.553,0.636,10.625,10.981,1.484,1.981,0.075,2.825,1.331,0.612,0.659,1.098,1.423,1
86,42,f,114.5,1152.943,2.623,-0.213,9.386,9.586,0.666,0.986,0.135,2.415,1.1,0.702,0.365,0.576,1.497,1
86,42,f,114.4.1,1297.982,2.787,-0.408,10.58,10.808,2.587,2.599,0.053,3.238,1.497,0.634,0.721,-0.535,-1.259,1
86,42,f,114.4.2,1426.288,2.748,0.202,11.712,11.87,0.782,0.978,0.114,2.462,1.139,0.667,0.369,1.027,1.388,1
86,42,f,114.4.3,1126,3.463,-0.606,9.125,9.522,1.145,1.553,0.1,2.709,1.371,0.655,0.557,0.839,1.44,1
86,42,f,114.4.4,1419.779,2.556,0.262,11.647,11.868,0.846,1.093,0.108,2.555,1.221,0.663,0.399,1.061,1.452,1
86,42,f,114.4.5,1342.543,3.681,0.178,10.943,11.336,0.854,3.466,0.167,2.492,2.807,0.658,0.484,0.876,2.479,1
87,47,f,115.1.1,1243.826,3.183,0.13,10.022,10.375,2.543,3.8,0.039,3.482,3.082,0.452,0.545,1.002,1.502,1
87,47,f,115.1.2,1493.275,2.509,-0.009,12.2,12.913,6.16,8.605,0.026,3.837,5.638,0.405,0.662,1.006,1.51,1
87,47,f,115.1.3,1534.214,13.294,2.886,12.607,12.027,5.596,4.562,0.069,3.04,4.402,0.497,0.603,1.102,1.57,1
87,47,f,115.2.1,1618.947,5.136,1.635,13.316,12.846,7.83,5.332,0.049,3.48,5.618,0.491,0.601,1.067,1.438,1
87,47,f,115.2.2,1481.472,2.977,0.096,12.139,13.465,4.342,9.054,0.031,3.871,8.299,0.403,0.547,1.325,1.733,1
87,47,f,115.2.3,1531.259,6.511,1.637,12.593,12.639,5.278,6.046,0.052,3.415,5.269,0.503,0.536,1.286,1.769,1
87,47,f,115.3.1,1173.158,6.553,1.701,9.526,9.224,2.407,2.095,0.096,2.754,1.579,0.661,0.671,0.959,1.464,1
87,47,f,115.3.2,1196.848,3.706,0.129,9.676,9.833,1.514,2.52,0.083,3.048,2.152,0.609,0.488,1.11,1.74,1
87,47,f,115.3.3,1162.935,24.706,4.311,9.37,9.864,3.494,4.867,0.103,2.734,3.462,0.628,0.624,1.688,2.256,1
87,47,f,115.4.1,1222.254,10.328,2.715,9.925,10.153,4.845,10.533,0.097,2.766,4.713,0.645,0.75,1.784,2.311,1
87,47,f,115.4.2,1349.456,6.691,1.111,11.018,11.557,2.859,10.361,0.056,3.224,5.934,0.6,0.696,1.923,2.556,1
87,47,f,115.5.1,1307.618,4.731,1.586,10.559,11.206,7.541,10.575,0.043,3.578,13.074,0.445,0.306,1.337,1.692,1
87,47,f,115.5.2,1394.126,5.098,1.562,11.368,12.526,8.296,18.286,0.028,4.108,13.663,0.385,0.579,1.604,1.992,1
88,68,m,116.1,709,7.831,2.263,5.641,5.558,2.794,2.349,0.084,2.912,3.199,0.561,0.381,1.075,1.45,0
88,68,m,116.4,611.122,2.57,0.201,4.816,4.862,0.313,0.7,0.216,1.84,0.709,0.759,0.327,1.273,1.941,0
88,68,m,116.2.1,598.278,2.57,-0.179,4.593,4.778,0.649,1.08,0.128,2.308,1.185,0.686,0.345,1.276,1.813,0
88,68,m,116.2.2,617.61,3.398,0.426,4.712,5.11,0.646,2.547,0.118,2.461,2.254,0.66,0.428,2.13,2.825,0
88,68,m,116.3.1,633.132,12.549,2.596,4.947,4.849,0.471,0.326,0.303,1.585,0.717,0.744,0.114,1.088,1.658,0
88,68,m,116.3.2,638.723,3.905,1.049,4.969,5.231,0.83,2.02,0.127,2.458,2.15,0.679,0.297,1.795,2.61,0
88,68,m,116.3.3,623.813,2.638,0.411,4.813,5.271,0.444,2.135,0.157,2.245,2.042,0.711,0.384,2.185,2.771,0
88,68,m,116.3.4,618.573,3.252,0.491,4.8,5.157,0.347,1.612,0.204,2.044,1.63,0.725,0.305,2.292,2.999,0
89,9,m,117.5,1399.872,3.511,0.32,11.426,11.638,1.564,3.036,0.062,3.271,3.312,0.536,0.306,1.315,1.867,1
89,9,m,117.1.1,1237.826,3.51,-0.019,10.055,10.079,3.722,3.871,0.038,3.721,2.501,0.532,0.671,-0.528,-1.363,1
89,9,m,117.1.2,1297.901,2.713,-0.035,10.545,10.449,4.855,5.15,0.027,3.961,2.781,0.514,0.723,-0.518,-1.307,1
89,9,m,117.1.3,1256.671,3.428,-0.006,10.212,10.274,2.807,3.442,0.04,3.641,2.825,0.52,0.551,0.322,1.463,1
89,9,m,117.2.1,1377.896,3.761,-0.457,11.27,11.44,3.849,3.825,0.035,3.799,2.78,0.538,0.641,-0.647,-1.37,1
89,9,m,117.2.2,1241.516,3.649,-0.433,10.118,10.597,4.427,4.531,0.028,3.888,4.43,0.443,0.531,0.374,1.362,1
89,9,m,117.2.3,1408.074,4.921,-0.077,11.523,11.584,3.816,3.872,0.038,3.779,2.85,0.533,0.63,0.365,1.491,1
89,9,m,117.3.1,1218.518,3.24,0.007,9.88,10.042,3.07,3.173,0.038,3.579,2.886,0.53,0.542,0.431,1.318,1
89,9,m,117.3.2,1329.58,3.652,0.068,10.828,10.9,2.987,3.465,0.039,3.675,2.494,0.555,0.616,0.727,1.458,1
89,9,m,117.3.3,1334.901,3.647,0.273,10.876,10.955,2.241,2.795,0.049,3.462,2.407,0.559,0.526,0.98,1.514,1
89,9,m,117.3.4,1324.68,4.457,0.079,10.785,10.799,3.433,4.122,0.04,3.726,2.553,0.554,0.665,0.687,1.546,1
89,9,m,117.4.1,1402.513,3.339,0.286,11.483,11.528,4.208,4.387,0.03,3.952,3.693,0.494,0.571,0.594,1.374,1
89,9,m,117.4.2,1379.788,2.815,0.186,11.283,11.404,3.431,4.129,0.032,3.831,3.423,0.509,0.552,0.699,1.417,1
89,9,m,117.4.3,1366.194,3.428,0.506,11.153,11.332,3.753,4.398,0.033,3.84,3.647,0.5,0.558,0.909,1.469,1
89,9,m,117.4.4,1533.606,6.98,0.613,12.593,12.573,2.709,3.999,0.052,3.47,2.772,0.576,0.598,1.032,1.862,1
90,9,f,118.2,732.917,2.763,-0.128,5.792,5.292,2.582,3.79,0.045,3.381,5.104,0.437,0.243,-0.961,-1.406,1
90,9,f,118.3,766.576,3.2,-0.534,6,5.966,2.271,2.287,0.04,3.465,3.483,0.452,0.236,-0.822,-1.342,1
90,9,f,118.4,660.847,3.405,-0.009,5.203,5.114,0.501,0.644,0.137,2.18,0.86,0.682,0.257,-0.684,-1.378,1
90,9,f,118.5,696.478,2.991,0.143,5.37,5.179,1.624,2.778,0.054,3.164,2.397,0.525,0.481,-0.757,-1.574,1
90,9,f,118.6,857.455,3.78,-0.112,6.853,6.757,4.575,4.844,0.025,4.029,5.327,0.429,0.436,-0.603,-1.428,1
90,9,f,118.7,1204.326,3.646,-0.499,9.773,9.699,11.211,12.253,0.011,4.778,13.408,0.294,0.429,-0.817,-1.369,1
90,9,f,118.8,792.75,3.871,-0.803,6.159,6.034,1.679,1.999,0.067,3.052,2.659,0.555,0.282,-0.948,-1.442,1
90,9,f,118.9,783.793,4.521,0.823,6.103,6.198,2.644,4.038,0.048,3.348,3.56,0.452,0.479,-0.397,-1.54,1
90,9,f,118.1.1,856.69,3.159,0.136,6.81,6.517,4.361,5.396,0.023,4.049,6.81,0.375,0.313,-0.757,-1.376,1
90,9,f,118.1.2,881.6,4.693,-0.351,7.067,6.925,3.796,3.369,0.04,3.503,6.392,0.402,0.111,-0.715,-1.355,1
91,10,f,122.1,618.967,7.938,1.755,4.77,5.131,1.554,1.925,0.08,2.951,2.541,0.549,0.309,1.289,1.708,1
91,10,f,122.2,818.386,3.088,0.737,6.477,6.864,2.704,4.788,0.038,3.547,4.761,0.428,0.4,1.225,1.63,1
91,10,f,122.3,698.25,4.732,1.294,5.583,6.292,2.16,3.977,0.067,3.028,2.729,0.53,0.667,1.392,1.698,1
91,10,f,122.4.1,955.147,3.255,0.312,7.695,7.96,11.85,14.374,0.011,4.856,12.576,0.294,0.526,0.979,1.483,1
91,10,f,122.4.2,704.075,2.927,0.011,5.525,5.756,1.249,1.634,0.08,2.954,1.919,0.572,0.356,0.945,1.534,1
91,10,f,122.4.3,655.979,4.306,0.534,5.074,5.024,0.75,0.981,0.139,2.442,1.098,0.682,0.37,0.91,1.578,1
91,10,f,122.5.1,792.76,2.896,0.559,6.36,6.63,2.31,3.553,0.043,3.433,4.45,0.444,0.259,1.132,1.495,1
91,10,f,122.5.2,876.483,3.495,0.567,6.967,7.454,2.199,2.915,0.049,3.309,2.163,0.538,0.63,1.164,1.505,1
91,10,f,122.5.3,713.857,3.539,0.564,5.543,5.554,2.191,2.111,0.051,3.282,3.132,0.482,0.272,1.001,1.548,1
91,10,f,122.6.1,849.276,3.317,1.072,6.724,7.319,5.924,7.114,0.04,3.574,7.526,0.45,0.452,1.202,1.519,1
91,10,f,122.6.2,524.151,3.037,0.321,3.943,4.264,1.865,2.515,0.066,3.06,2.009,0.563,0.571,1.176,1.559,1
91,10,f,122.6.3,1375.538,10.334,2.228,11.212,11.173,7.321,6.489,0.042,3.689,8.577,0.414,0.38,1.156,1.592,1
92,7,f,123.2,647.5,3.056,-0.036,5.05,5.775,1.048,2.674,0.077,2.874,3.65,0.504,0.178,1.671,2.052,1
92,7,f,123.3,862.596,13.187,2.126,6.883,7.074,5.197,6.858,0.03,3.92,4.971,0.486,0.596,1.437,2.063,1
92,7,f,123.6,635.762,4.948,1.028,4.881,5.089,2.438,3.486,0.056,3.168,3.292,0.52,0.459,1.3,1.856,1
92,7,f,123.1.1,761.224,5.84,1.586,6.039,6.75,3.696,8.418,0.046,3.51,4.757,0.477,0.705,1.672,2.117,1
92,7,f,123.1.2,684.2,3.661,0.328,5.4,5.772,1.04,2.876,0.073,2.878,2.472,0.546,0.457,1.68,2.197,1
92,7,f,123.4.1,917.457,4.475,0.595,7.343,8.029,4.854,6.471,0.029,3.797,7.386,0.382,0.393,1.35,1.833,1
92,7,f,123.4.2,674.897,4.052,1.008,5.258,5.539,1.078,2.491,0.1,2.765,2.528,0.593,0.342,1.714,2.298,1
92,7,f,123.4.3,673.111,26.913,3.964,5.222,5.664,1.654,4.976,0.116,2.585,3.022,0.626,0.663,2.339,3.297,1
92,7,f,123.5.1,751.435,3.489,0.488,6,6.554,2.435,3.704,0.047,3.359,4.793,0.433,0.275,1.351,1.731,1
92,7,f,123.5.2,895,3.034,0.547,7.073,9.227,8.104,18.912,0.02,4.173,13.345,0.343,0.74,1.577,1.93,1
92,7,f,123.5.3,616.214,2.191,0.238,4.75,4.746,1.009,2.422,0.096,2.711,2.817,0.615,0.196,1.669,2.532,1
93,11,f,124.2,1330.935,3.637,0.639,10.858,11.013,3.362,4.088,0.042,3.495,2.518,0.591,0.668,0.935,1.431,1
93,11,f,124.5,1261.456,4.945,1.242,10.241,10.214,1.946,1.792,0.088,2.925,1.244,0.665,0.668,1.021,1.462,1
93,11,f,124.6,1132.197,2.418,-0.163,9.141,9.014,0.938,1.014,0.109,2.476,0.782,0.711,0.608,-0.863,-1.286,1
93,11,f,124.1.1,1588.602,3.792,0.171,13.071,12.98,2.207,2.71,0.053,3.367,2.865,0.571,0.421,-0.325,-1.418,1
93,11,f,124.1.2,1518.893,3.021,0.11,12.439,12.44,4.207,5.122,0.03,3.875,4.27,0.528,0.545,-0.614,-1.366,1
93,11,f,124.1.3,1506.108,2.705,-0.08,12.339,12.406,4.138,4.577,0.032,3.811,3.71,0.542,0.576,-0.487,-1.311,1
93,11,f,124.3.1,1346.356,2.96,-0.004,10.99,11.012,1.884,1.854,0.063,3.082,1.1,0.652,0.706,0.285,1.301,1
93,11,f,124.3.2,1223.219,3.039,-0.19,9.935,10.084,0.964,1.128,0.093,2.638,0.942,0.676,0.562,0.633,1.318,1
93,11,f,124.3.3,1361.993,3.029,0.026,11.124,11.17,1.833,2.053,0.066,3.079,1.223,0.661,0.687,0.592,1.376,1
93,11,f,124.4.1,1309.988,3.013,0.266,10.689,10.757,1.112,1.166,0.092,2.676,1.011,0.693,0.558,0.591,1.29,1
93,11,f,124.4.2,1326.453,3.157,0.349,10.835,10.842,1.296,1.297,0.085,2.807,1.104,0.683,0.574,0.661,1.33,1
94,15,f,125.5,1222.821,12.091,2.085,9.925,9.709,2.86,2.848,0.078,3,2.358,0.655,0.595,1.056,1.611,1
94,15,f,125.1.1,1403.866,8.634,1.672,11.466,11.488,6.449,6.572,0.033,3.751,3.702,0.565,0.716,1.12,1.643,1
94,15,f,125.1.2,1343.901,5.148,0.964,10.953,11.173,3.97,6.166,0.041,3.567,2.965,0.591,0.73,1.282,1.837,1
94,15,f,125.1.3,1251.357,17.123,3.086,10.19,10.593,4.135,7.975,0.067,3.242,4.074,0.591,0.714,1.707,2.262,1
94,15,f,125.2.1,1353.223,3.202,-0.045,11.044,11.284,2.07,3.584,0.059,3.263,2.468,0.631,0.595,1.274,2.02,1
94,15,f,125.2.2,1373.652,3.726,0.217,11.217,11.401,1.957,3.502,0.06,3.223,2.292,0.637,0.611,1.326,2.12,1
94,15,f,125.3.1,1339.554,2.999,0.245,10.943,11.008,1.235,1.598,0.084,2.859,1.431,0.674,0.5,0.864,1.537,1
94,15,f,125.3.2,1240.021,3.708,0.787,10.105,10.253,0.852,1.231,0.12,2.594,1.316,0.651,0.385,1.144,1.648,1
94,15,f,125.4.1,1236.932,3.573,0.58,10.036,10.148,1.021,1.884,0.105,2.653,1.768,0.69,0.414,1.511,2.395,1
94,15,f,125.4.2,1205.679,5.349,1.026,9.775,9.881,0.966,1.562,0.127,2.499,1.499,0.692,0.423,1.581,2.509,1
94,15,f,125.4.3,1199.988,6.232,0.851,9.721,9.886,0.662,2.24,0.151,2.322,2.071,0.712,0.352,2.436,3.793,1
95,32,m,126.2,611.692,2.202,0.132,4.682,4.785,0.31,0.505,0.242,1.669,0.556,0.781,0.341,1.249,1.893,0
95,32,m,126.1.1,562.813,2.044,-0.312,4.375,4.37,0.234,0.233,0.286,1.319,0.443,0.779,0.053,0.722,1.196,0
95,32,m,126.1.2,633.561,4.497,1.34,4.805,5.28,1.133,2.665,0.131,2.533,1.963,0.664,0.593,1.56,1.92,0
95,32,m,126.3.1,726.3,3.116,1.032,5.7,6.1,3.677,4.057,0.055,3.186,2.55,0.525,0.692,1.074,1.383,0
96,33,m,127.2,632.917,17.573,3.037,4.895,5.133,0.801,1.825,0.203,2.082,1.166,0.729,0.627,1.916,2.607,0
96,33,m,127.1.1,599.948,4.81,1.156,4.61,4.815,0.42,1.248,0.196,1.862,1.133,0.751,0.398,1.982,2.806,0
96,33,m,127.1.2,596.109,2.497,0.46,4.582,4.832,0.28,2.649,0.225,1.691,2.859,0.755,0.077,3.741,5.168,0
96,33,m,127.3.1,629.215,5.539,1.427,4.861,5.161,0.879,2.135,0.122,2.575,2.054,0.646,0.384,1.628,2.109,0
96,33,m,127.3.2,610.692,5.318,1.205,4.714,5.077,0.732,1.978,0.125,2.52,2.121,0.661,0.299,1.715,2.263,0
97,36,m,128.1,1241.593,2.122,-0.169,10.093,9.792,3.566,4.322,0.038,3.515,2.319,0.52,0.721,-0.827,-1.278,1
97,36,m,128.2,1510.588,3.158,-0.639,12.412,12.043,4.736,6.997,0.026,3.917,3.293,0.489,0.745,-1.101,-1.493,1
97,36,m,128.3.1,1229.361,5.406,1.448,9.962,10.144,3.404,4.899,0.057,3.443,3.951,0.556,0.537,1.306,1.741,1
97,36,m,128.3.2,1210.6,7.198,1.861,9.818,9.948,4.058,5.195,0.075,3.238,3.32,0.607,0.648,1.337,1.75,1
97,36,m,128.3.3,1153.388,7.312,1.749,9.329,9.55,2.009,3.165,0.092,2.953,2.544,0.627,0.531,1.394,1.837,1
97,36,m,128.3.4,1180.5,7.125,1.736,9.533,9.863,2.429,4.098,0.073,3.154,2.773,0.595,0.612,1.48,1.948,1
97,36,m,128.4.1,1099.782,3.942,0.561,8.913,8.912,0.7,1.028,0.147,2.4,0.953,0.711,0.457,1.046,1.755,1
97,36,m,128.4.2,1114.231,20.24,2.932,9.032,9.058,1.226,2.249,0.149,2.51,1.667,0.687,0.545,1.824,2.785,1
97,36,m,128.5.1,1118.609,3.077,0.989,9.025,9.068,1.562,1.673,0.122,2.664,1.064,0.713,0.672,1.002,1.336,1
97,36,m,128.5.2,1025.737,11.025,2.595,8.303,8.293,0.922,0.865,0.29,1.991,1.201,0.751,0.328,1.231,1.68,1
97,36,m,128.5.3,1082.285,4.92,1.279,8.733,8.835,1.064,1.672,0.15,2.491,1.224,0.719,0.571,1.442,2.103,1
97,36,m,128.5.4,1080.926,11.089,1.913,8.726,8.878,0.717,1.244,0.164,2.182,1.122,0.727,0.456,1.523,2.105,1
97,36,m,128.6.1,1110.012,3.464,1.053,8.947,8.943,1.16,1.356,0.136,2.471,1.082,0.708,0.572,1.011,1.389,1
97,36,m,128.6.2,1115.205,3.627,1.114,9.009,9.114,1.51,2.219,0.126,2.713,1.744,0.68,0.545,1.273,1.777,1
97,36,m,128.6.3,1102.287,10.313,2.05,8.89,8.92,1.314,1.538,0.159,2.351,1.265,0.725,0.558,1.263,1.797,1
97,36,m,128.7.1,1047.174,5.615,1.245,8.439,8.499,0.464,0.783,0.226,1.934,0.721,0.776,0.439,1.498,2.207,1
97,36,m,128.7.2,1047.77,11.353,1.858,8.44,8.595,0.651,1.336,0.207,2.118,1.069,0.749,0.505,1.737,2.46,1
97,36,m,128.8.1,1090.333,6.776,1.475,8.8,8.832,1.88,2.59,0.107,2.948,2.315,0.657,0.489,1.099,1.629,1
97,36,m,128.8.2,1044.935,4.241,0.883,8.399,8.63,1.051,2.331,0.15,2.615,2.004,0.691,0.457,1.592,2.155,1
97,36,m,128.8.3,1067.25,12.474,2.293,8.59,8.761,2.008,3.98,0.112,2.961,3.021,0.657,0.53,1.674,2.367,1
97,36,m,128.9.1,1174.923,3.486,0.318,9.596,9.798,3.702,3.796,0.041,3.557,3.077,0.52,0.595,0.775,1.368,1
97,36,m,128.9.2,1195.581,3.804,0.462,9.767,9.948,3.574,3.898,0.045,3.427,3.297,0.514,0.564,0.809,1.402,1
98,53,m,129.1,1129.134,2.066,-0.122,9.195,9.14,2.352,2.499,0.04,3.378,2.427,0.506,0.501,-0.276,-1.254,1
98,53,m,129.6,1089.254,2.798,0.41,8.841,9.159,2.419,3.618,0.041,3.429,2.825,0.484,0.56,1.177,1.627,1
98,53,m,129.2.1,1392.172,4.04,0.971,11.393,11.523,5.55,6.303,0.027,3.927,3.879,0.498,0.675,1.026,1.444,1
98,53,m,129.2.2,1291.876,2.934,0.238,10.533,10.689,3.385,4.753,0.029,3.846,3.678,0.494,0.559,0.79,1.452,1
98,53,m,129.2.3,1335.034,2.295,-0.032,10.924,11.146,2.647,4.375,0.036,3.594,3.265,0.522,0.559,0.955,1.544,1
98,53,m,129.2.4,1207.26,4.277,1.168,9.82,10.315,2.628,4.056,0.05,3.356,3.245,0.514,0.564,1.285,1.612,1
98,53,m,129.2.5,1150.158,2.515,0.073,9.342,9.882,2.699,5.565,0.037,3.556,4.526,0.469,0.52,1.202,1.716,1
98,53,m,129.3.1,1485.583,2.572,0.17,12.174,12.043,5.63,5.351,0.027,3.959,3.175,0.524,0.713,0.186,1.224,1
98,53,m,129.3.2,1380.977,2.633,0.367,11.256,11.206,4.772,4.943,0.028,3.859,3.009,0.511,0.691,0.722,1.275,1
98,53,m,129.3.3,1359.171,4.089,0.755,11.049,10.93,4.681,3.833,0.032,3.763,3.271,0.501,0.621,0.716,1.279,1
98,53,m,129.3.4,1433.848,2.946,0.434,11.741,11.621,5.728,5.651,0.027,3.974,3.183,0.506,0.722,0.733,1.289,1
98,53,m,129.4.1,1295.368,3.389,0.737,10.586,10.609,2.513,4.001,0.049,3.413,2.447,0.54,0.641,1.136,1.631,1
98,53,m,129.4.2,1222.391,9.143,2.273,9.978,10.31,2.108,3.29,0.091,2.842,2.277,0.576,0.613,1.529,1.986,1
98,53,m,129.5.1,1225.015,2.648,0.129,9.923,10.092,3.456,3.707,0.035,3.592,2.669,0.495,0.632,0.655,1.272,1
98,53,m,129.5.2,1152.244,2.041,-0.209,9.289,9.589,2.339,3.109,0.045,3.28,2.289,0.525,0.602,0.73,1.289,1
98,53,m,129.5.3,1188.034,2.308,-0.05,9.627,9.983,2.742,3.856,0.038,3.515,2.669,0.501,0.624,0.878,1.405,1
99,39,m,133.1,1354.906,2.575,-0.691,11.057,10.901,3.035,4.127,0.043,3.419,2.505,0.535,0.661,-0.993,-1.389,0
99,39,m,133.4,1537.755,2.966,-0.153,12.603,12.514,3.87,4.58,0.043,3.566,1.784,0.609,0.793,-0.713,-1.369,0
99,39,m,133.5,1426.48,3.876,0.56,11.706,11.579,1.2,1.472,0.117,2.67,0.831,0.73,0.699,0.363,1.441,0
99,39,m,133.7,1335.965,6.348,-1.473,10.885,10.679,0.615,1.2,0.24,2.094,0.98,0.73,0.511,-1.522,-1.979,0
99,39,m,133.2.1,1473.255,3.484,-0.192,12.064,11.811,2.786,4.23,0.04,3.668,3.795,0.542,0.479,-1.028,-1.533,0
99,39,m,133.2.2,1476.244,3.324,-0.239,12.085,11.918,3.021,4.127,0.038,3.715,3.67,0.532,0.496,-0.932,-1.475,0
99,39,m,133.3.1,1637.308,4.012,-0.693,13.476,13.299,1.644,2.726,0.087,2.992,1.504,0.649,0.684,-1.273,-1.799,0
99,39,m,133.3.2,1586.033,2.49,-0.08,13.045,12.875,1.903,2.603,0.076,3.022,1.152,0.683,0.76,-0.906,-1.488,0
99,39,m,133.6.1,1381.11,7.538,-1.282,11.276,11.191,0.404,0.615,0.196,1.943,0.687,0.751,0.341,-1.198,-1.8,0
99,39,m,133.6.2,1387.205,6.168,-0.936,11.336,11.23,0.338,0.488,0.221,1.803,0.602,0.755,0.289,-1.069,-1.655,0
99,39,m,133.8.1,1158.1,5.996,-1.17,9.433,9.196,0.446,0.949,0.196,1.966,0.763,0.749,0.529,-1.496,-1.912,0
99,39,m,133.8.2,1150.417,4.682,-0.73,9.389,9.188,0.404,0.812,0.198,1.913,0.688,0.765,0.497,-1.415,-1.879,0
100,59,f,134.1,2912.064,9.11,-2.099,24.369,24.04,5.902,6.627,0.037,3.749,4.912,0.48,0.618,-1.286,-1.715,0
100,59,f,134.2,2852.73,9.999,-2.17,23.817,23.599,7.783,10.619,0.033,4.01,7.168,0.481,0.62,-1.469,-1.992,0
100,59,f,134.4,2907.286,5.545,-1.614,24.286,22.544,8.522,21.351,0.025,4.104,12.829,0.357,0.744,-1.694,-2.061,0
100,59,f,134.3.1,2979.89,7.633,1.204,24.945,24.621,1.129,3.076,0.083,2.946,3.39,0.551,0.247,-1.356,-2.147,0
100,59,f,134.3.2,2093.977,2.397,0.082,17.386,18.483,15.373,25.022,0.012,4.594,18.71,0.233,0.583,0.972,1.428,0
101,36,m,136.3,529.198,6.254,1.24,4.024,4.179,3.694,4.732,0.051,3.6,3.489,0.556,0.593,1.233,1.686,1
101,36,m,136.7,559.308,2.464,-0.331,4.115,4.856,2.256,5.508,0.038,3.534,4.798,0.392,0.498,1.321,1.779,1
101,36,m,136.1.1,669.483,3.581,-0.125,5.185,5.444,3.468,5.396,0.04,3.783,4.302,0.527,0.535,0.978,1.593,1
101,36,m,136.1.2,696.816,8.66,1.351,5.417,5.708,5.7,7.763,0.033,3.951,4.593,0.506,0.673,1.295,1.833,1
101,36,m,136.2.1,569.465,10.196,2.208,4.346,4.805,4.549,8.858,0.053,3.633,5.433,0.547,0.645,1.665,2.191,1
101,36,m,136.2.2,543.745,10.709,2.247,4.124,4.5,3.642,7.536,0.059,3.484,5.544,0.552,0.551,1.769,2.379,1
101,36,m,136.2.3,516.445,9.544,1.566,3.893,4.317,2.176,5.26,0.065,3.29,4.242,0.578,0.499,1.778,2.402,1
101,36,m,136.4.1,442.876,4.062,0.784,3.263,3.591,3.216,4.791,0.046,3.579,3.241,0.591,0.621,1.236,1.717,1
101,36,m,136.4.2,416.669,5.875,1.054,3.042,3.261,2.712,4.112,0.051,3.473,3.309,0.591,0.533,1.306,1.874,1
101,36,m,136.5.1,440.399,7.235,1.47,3.265,3.403,1.878,2.431,0.139,2.894,2.384,0.653,0.455,1.348,1.828,1
101,36,m,136.5.2,402.013,5.905,-0.237,2.95,3.144,0.739,1.331,0.189,2.411,1.629,0.709,0.241,1.292,1.951,1
101,36,m,136.6.1,305.643,8.242,1.642,2.087,2.483,2.219,3.776,0.071,3.158,2.635,0.583,0.607,1.469,1.948,1
101,36,m,136.6.2,321.762,5.31,1.284,2.222,2.7,2.459,5.571,0.062,3.344,3.359,0.545,0.662,1.603,2.06,1
102,52,f,137.3,1624.509,3.35,-0.421,13.283,13.108,1.033,1.653,0.084,2.752,1.231,0.661,0.568,-0.954,-1.502,0
102,52,f,137.1.1,1387.613,3.303,-0.346,11.307,11.298,0.879,1.149,0.097,2.657,1.055,0.672,0.484,-0.754,-1.452,0
102,52,f,137.1.2,1394.966,2.337,-0.056,11.37,11.399,0.704,0.836,0.118,2.427,0.908,0.697,0.413,0.122,1.328,0
102,52,f,137.1.3,1394.966,2.337,-0.056,11.37,11.399,0.704,0.836,0.118,2.427,0.908,0.697,0.413,0.122,1.328,0
102,52,f,137.2.1,1683.182,5.157,-1.321,13.932,13.807,1.336,2.031,0.13,2.522,1.307,0.68,0.63,-1.283,-1.68,0
102,52,f,137.2.2,1680.357,5.695,-1.44,13.905,13.863,1.42,1.892,0.121,2.606,1.637,0.664,0.511,-1.177,-1.593,0
103,38,f,139.4,1337.217,4.699,1.036,10.907,11.371,2.817,6.122,0.037,3.722,5.138,0.473,0.484,1.472,1.931,0
103,38,f,139.1.1,1748.255,2.656,0.439,14.404,14.601,7.007,7.187,0.02,4.077,5.08,0.399,0.645,0.798,1.258,0
103,38,f,139.1.2,1618.469,1.995,-0.062,13.313,13.922,3.527,6.181,0.026,3.767,4.891,0.401,0.556,1.076,1.499,0
103,38,f,139.1.3,1798.263,5.799,0.923,14.832,14.772,8.271,10.778,0.019,4.309,6.589,0.397,0.66,1.032,1.645,0
103,38,f,139.2.1,1739.119,2.732,0.307,14.332,14.383,7.864,9.141,0.017,4.34,5.291,0.437,0.691,0.76,1.337,0
103,38,f,139.2.2,1545.492,3.237,0.671,12.615,13.292,6.36,8.999,0.025,3.988,4.277,0.433,0.763,1.078,1.435,0
103,38,f,139.3.1,1638.018,2.6,0.324,13.484,13.674,5.92,7.177,0.021,4.211,4.554,0.466,0.658,0.879,1.395,0
103,38,f,139.3.2,1498.156,7.4,1.555,12.354,12.354,4.125,10.744,0.039,3.805,8.161,0.434,0.504,1.257,2.181,0
103,38,f,139.5.1,1508.937,2.439,0.585,12.333,12.754,3.587,4.916,0.045,3.634,4.587,0.442,0.487,1.005,1.337,0
103,38,f,139.5.2,1570.322,2.823,0.761,12.885,13.014,5.688,6.572,0.031,3.975,5.284,0.418,0.572,0.981,1.357,0
103,38,f,139.5.3,1361.982,8.191,2.054,11.211,11.539,9.57,17.169,0.038,3.821,8.689,0.439,0.708,1.483,1.924,0
104,16,m,141.1.1,1236.6,4.509,1.429,9.92,10.07,14.714,16.525,0.027,3.848,18.43,0.269,0.411,1.227,1.641,0
104,16,m,141.1.2,1179.2,5.596,1.833,9.4,9.95,14.107,21.248,0.037,3.472,18.65,0.267,0.491,1.376,1.749,0
104,16,m,141.1.3,862.364,6.168,-0.398,6.909,8.011,8.355,23.239,0.045,3.369,23.284,0.36,0.342,1.451,1.974,0
104,16,m,141.2.1,841.739,6.568,-1.331,6.761,7.723,4.399,7.135,0.05,3.509,8.136,0.495,0.386,0.837,1.671,0
104,16,m,141.2.2,941.909,3.809,0.51,7.682,8.5,1.308,2.955,0.112,2.658,2.636,0.568,0.584,1.465,1.768,0
104,16,m,141.2.3,924.417,13.444,-0.608,7.367,8.329,2.666,15.446,0.082,3,14.071,0.549,0.387,2.633,3.509,0
104,16,m,141.2.4,915.698,2.124,-0.256,7.326,7.86,0.685,8.341,0.114,2.483,8.965,0.634,0.073,4.313,6.016,0
104,16,m,141.3.1,1085.243,5.435,1.8,8.73,8.649,8.63,10.985,0.067,3.392,10.108,0.499,0.489,1.227,1.573,0
104,16,m,141.3.2,972.907,4.825,1.451,7.837,8.052,5.625,8.05,0.043,3.53,7.762,0.473,0.443,1.348,1.796,0
104,16,m,141.3.3,935.514,6.325,1.629,7.571,7.8,1.616,5.489,0.065,3.033,6,0.508,0.194,1.891,2.511,0
104,16,m,141.3.4,914.571,3.462,0.351,7.371,7.621,1.319,5.664,0.06,3.107,6.321,0.526,0.132,2.02,2.854,0
105,70,f,144.2,734.443,28.706,4.746,5.727,6.287,3.698,6.33,0.094,2.921,5.224,0.578,0.529,1.786,2.369,1
105,70,f,144.3,776.796,14.347,3.121,6.163,6.811,3.32,8.235,0.079,3.01,6.526,0.561,0.521,1.895,2.48,1
105,70,f,144.1.1,983.52,2.685,0.427,7.973,8.073,3.359,4.095,0.038,3.597,3.413,0.527,0.546,0.803,1.378,1
105,70,f,144.1.2,822.865,3.954,0.893,6.622,7.554,1.749,6.139,0.07,3.263,5.486,0.499,0.499,1.811,2.182,1
106,67,m,145.1,942.969,5.964,1.813,7.5,8.512,4.563,15.648,0.068,3.269,7.262,0.525,0.827,1.929,2.379,0
106,67,m,145.2,912.636,21.139,4.092,7.291,8.423,3.261,12.662,0.151,2.582,8.014,0.583,0.715,2.23,2.795,0
106,67,m,145.3,873.191,7.811,1.712,7.064,7.106,1.251,7.467,0.125,2.827,7.83,0.56,0.146,2.072,3.339,0
107,62,f,146.1.1,1159.959,5.191,1.096,9.456,9.075,3.785,4.09,0.037,3.738,4.415,0.491,0.458,0.788,1.435,1
107,62,f,146.1.2,1079.984,8.521,1.997,8.774,8.919,4.143,4.356,0.052,3.392,4.903,0.506,0.426,1.228,1.641,1
107,62,f,146.1.3,1064.906,9.797,2.252,8.698,8.774,4.211,4.317,0.055,3.335,5.179,0.511,0.393,1.227,1.649,1
107,62,f,146.2.1,1110.563,6.914,1.076,8.965,9.008,2.305,2.231,0.051,3.316,2.485,0.576,0.453,0.856,1.41,1
107,62,f,146.2.2,1066.161,2.61,0.346,8.613,9.008,1.807,2.739,0.065,3.135,2.465,0.598,0.503,1.176,1.638,1
107,62,f,146.2.3,1152.755,15.028,2.295,9.338,9.193,4.922,3.669,0.038,3.613,3.24,0.562,0.632,1.071,1.702,1
107,62,f,146.2.4,1067.225,3.238,0.445,8.629,8.747,1.997,4.091,0.049,3.4,3.025,0.565,0.538,1.374,2.033,1
107,62,f,146.2.5,1021.047,13.843,2.473,8.25,8.848,2.156,5.699,0.122,2.811,3.59,0.628,0.659,1.995,2.653,1
107,62,f,146.3.1,1050.429,2.76,0.678,8.481,8.656,1.496,1.83,0.069,2.968,1.948,0.573,0.426,0.96,1.349,1
107,62,f,146.3.2,1169.785,13.05,2.107,9.488,9.747,4.18,6.765,0.04,3.586,5.506,0.541,0.518,1.457,2.046,1
108,16,m,147.1,1816.215,3.927,-0.389,14.954,13.877,14.936,23.893,0.013,4.569,17.115,0.255,0.605,-1.19,-1.564,0
108,16,m,147.2.1,2737.192,4.341,-0.538,22.918,21.623,6.103,14.043,0.022,4.174,13.815,0.357,0.432,-1.616,-2.075,0
108,16,m,147.2.2,2796.87,4.008,0.098,23.407,22.685,4.612,6.725,0.028,3.912,9.778,0.387,0.187,-1.143,-1.601,0
108,16,m,147.3.1,2269.672,3.632,-0.816,18.862,18.297,9.636,19.674,0.015,4.471,18.306,0.278,0.411,-1.174,-1.674,0
108,16,m,147.3.2,2348.98,3.684,-0.126,19.588,19.093,11.497,16.545,0.017,4.378,16.083,0.305,0.442,-0.973,-1.599,0
109,45,m,149.1,762.556,21.322,3.974,6.034,6.436,2.7,6.049,0.162,2.476,5.791,0.642,0.386,1.916,2.519,0
109,45,m,149.3,728.975,20.632,3.303,5.76,6.269,0.662,4.924,0.203,2.12,4.161,0.7,0.466,3.136,4.176,0
109,45,m,149.2.1,719.525,5.815,0.828,5.65,5.696,0.344,0.737,0.256,1.622,0.908,0.787,0.173,1.818,2.828,0
109,45,m,149.2.2,741.297,72.763,7.469,5.839,6.074,1.684,3.333,0.218,1.998,3.552,0.725,0.321,2.24,3.365,0
110,55,f,151.1,1084.446,3.253,-0.173,8.729,8.761,1.577,1.662,0.062,3.09,1.427,0.61,0.56,-0.416,-1.375,1
110,55,f,151.2,993.073,4.5,0.595,7.984,7.994,2.423,2.5,0.049,3.438,2.261,0.562,0.541,0.878,1.444,1
110,55,f,151.5,1155.425,5.99,1.613,9.375,9.319,11.834,10.342,0.021,4.206,7.069,0.381,0.683,1.119,1.501,1
110,55,f,151.6,1107.947,4.706,0.86,8.952,9.011,2.487,4.564,0.044,3.561,3.888,0.516,0.47,1.277,1.879,1
110,55,f,151.8,1086.7,7.232,1.076,8.761,8.943,1.745,2.317,0.09,2.894,1.162,0.679,0.729,1.262,1.789,1
110,55,f,151.9,907.364,5.195,1.152,7.245,7.505,0.967,1.845,0.094,2.686,1.618,0.614,0.472,1.542,2.088,1
110,55,f,151.3.1,1159.577,5.942,1.449,9.375,9.339,4.196,4.272,0.038,3.723,3.397,0.51,0.599,1.089,1.52,1
110,55,f,151.3.2,1086.809,4.213,0.927,8.776,8.801,3.645,4.421,0.037,3.763,3.124,0.523,0.616,1.039,1.532,1
110,55,f,151.3.3,1028.99,4.725,0.843,8.283,8.442,2.695,3.349,0.045,3.535,2.716,0.548,0.558,1.083,1.577,1
110,55,f,151.4.1,1090.128,7.757,2.014,8.816,8.831,5.268,5.495,0.053,3.533,3.437,0.563,0.681,1.266,1.673,1
110,55,f,151.4.2,1043.564,5.817,1.211,8.412,8.496,4.603,5.994,0.036,3.868,3.532,0.538,0.673,1.161,1.674,1
110,55,f,151.4.3,1023.413,7.157,1.581,8.251,8.337,4.484,6.006,0.035,3.779,3.508,0.534,0.673,1.241,1.71,1
110,55,f,151.7.1,908.135,2.799,0.565,7.245,7.429,2.405,2.978,0.049,3.302,1.623,0.605,0.709,0.976,1.398,1
110,55,f,151.7.2,970.399,5.647,1.334,7.804,7.916,2.495,2.604,0.056,3.218,1.645,0.595,0.68,1.111,1.548,1
111,49,m,152.1.1,684.341,3.727,0.644,5.317,5.433,0.265,0.355,0.291,1.499,0.591,0.77,0.069,1.145,1.449,0
111,49,m,152.1.2,682.861,2.552,-0.16,5.278,5.427,0.284,0.516,0.244,1.742,0.628,0.761,0.253,1.208,1.652,0
111,49,m,152.1.3,685.344,12.282,2.438,5.328,5.582,0.345,0.86,0.305,1.638,0.785,0.766,0.445,1.783,2.241,0
111,49,m,152.1.4,688.378,5.997,1.3,5.333,5.733,0.356,1.296,0.217,1.982,1.156,0.693,0.483,2.026,2.572,0
111,49,m,152.2.1,689.22,16.785,2.436,5.394,5.55,0.386,0.936,0.258,1.75,0.995,0.768,0.291,1.872,2.63,0
111,49,m,152.2.2,685.43,5.508,0.769,5.331,5.444,0.254,0.681,0.317,1.503,0.725,0.796,0.268,1.916,2.661,0
111,49,m,152.2.3,718.25,7.601,2.046,5.55,6.063,0.548,3.034,0.186,2.143,2.613,0.645,0.478,2.462,3.099,0
111,49,m,152.3.1,723.28,3.378,0.702,5.72,5.8,0.202,0.3,0.298,1.398,0.52,0.752,-0.024,0.724,1.445,0
111,49,m,152.3.2,694.43,3.46,0.228,5.42,5.488,0.244,0.445,0.266,1.503,0.553,0.801,0.213,1.169,1.594,0
111,49,m,152.3.3,673.545,3.31,0.202,5.164,5.218,0.137,0.207,0.53,0.969,0.245,0.883,0.301,1.412,1.77,0
111,49,m,152.3.4,692.874,13.868,1.997,5.399,5.547,0.324,0.692,0.252,1.666,0.663,0.774,0.396,1.748,2.43,0
111,49,m,152.4.1,689.928,4.42,0.592,5.335,5.434,0.235,0.386,0.289,1.442,0.563,0.784,0.113,1.291,1.719,0
111,49,m,152.4.2,690.509,3.075,0.065,5.33,5.426,0.221,0.423,0.29,1.411,0.632,0.774,0.036,1.408,1.902,0
111,49,m,152.5.1,679.66,2.724,0.185,5.24,5.29,0.182,0.256,0.402,1.188,0.35,0.831,0.21,1.255,1.603,0
111,49,m,152.5.2,689.855,4.872,0.806,5.341,5.452,0.243,0.602,0.299,1.455,0.702,0.802,0.203,1.903,2.759,0
111,49,m,152.6.1,694.07,2.347,-0.074,5.384,5.555,0.236,0.485,0.242,1.608,0.66,0.764,0.135,1.341,1.742,0
111,49,m,152.6.2,692.977,3.08,0.28,5.341,5.472,0.27,0.488,0.245,1.651,0.608,0.771,0.23,1.345,1.865,0
112,52,f,153.1,2187.519,3.186,-0.547,18.192,18.346,3.809,6.188,0.027,3.831,6.798,0.421,0.332,-1.088,-1.719,0
112,52,f,153.4,1975.727,3.055,-0.395,16.295,16.568,8.026,13.404,0.025,4.05,8.773,0.36,0.614,-0.935,-1.573,0
112,52,f,153.2.1,1691.6,2.148,0.261,13.96,14.84,14.198,20.294,0.016,4.232,18.24,0.224,0.502,1.011,1.378,0
112,52,f,153.2.2,1664.414,2.103,0.225,13.655,14.888,11.812,16.858,0.015,4.313,19.991,0.216,0.361,1.027,1.414,0
112,52,f,153.3.1,1849.485,2.003,0.228,15.242,15.629,6.305,6.4,0.022,3.974,7.189,0.357,0.446,0.662,1.172,0
112,52,f,153.3.2,1982.221,3.397,0.436,16.389,16.768,11.164,17.61,0.011,4.679,9.889,0.32,0.679,1.177,1.667,0
113,42,m,155.1,1348.161,2.768,0.248,10.992,11.345,3.137,5.008,0.03,3.789,3.51,0.489,0.6,1.124,1.591,0
113,42,m,155.2,1158.649,3.821,0.415,9.395,9.583,4.607,5.769,0.025,4.015,4.956,0.429,0.529,0.953,1.481,0
113,42,m,155.3,1426.995,3.084,0.265,11.659,11.612,9.241,10.632,0.014,4.534,6.874,0.367,0.656,0.648,1.366,0
113,42,m,155.4,1919.09,2.777,-0.188,15.846,15.492,4.938,7.635,0.022,4.145,6.428,0.442,0.511,-0.91,-1.476,0
113,42,m,155.5.1,1623.765,6.886,1.702,13.324,12.934,8.66,6.4,0.035,3.795,4.537,0.484,0.717,0.984,1.443,0
113,42,m,155.5.2,1526.889,8.289,1.697,12.5,12.306,4.806,4.434,0.039,3.622,4.157,0.467,0.555,0.941,1.483,0
114,59,f,156.1,1021.441,3.003,0.611,8.176,8.691,0.91,1.905,0.107,2.611,1.618,0.586,0.555,1.395,1.714,1
114,59,f,156.2.1,962.357,3.215,0.123,7.714,7.893,0.747,1.253,0.111,2.549,1.057,0.668,0.504,1.094,1.632,1
114,59,f,156.2.2,1066.17,3.247,0.528,8.593,8.772,1.797,3.535,0.064,3.103,2.265,0.644,0.615,1.485,2.245,1
114,59,f,156.3.1,1136.793,3.489,0.958,9.224,9.616,2.381,3.624,0.048,3.235,1.599,0.552,0.776,1.159,1.53,1
114,59,f,156.3.2,1039.553,3.003,0.768,8.447,8.816,0.984,1.9,0.076,2.739,1.329,0.572,0.618,1.25,1.625,1
115,54,f,157.4,712.16,4.41,0.481,5.586,5.642,0.254,0.274,0.277,1.414,0.358,0.821,0.329,0.419,1.218,0
115,54,f,157.5,712.987,3.419,0.539,5.594,5.631,0.294,0.366,0.245,1.579,0.393,0.813,0.409,0.843,1.391,0
115,54,f,157.6,798.272,18.022,3.568,6.368,6.991,2.373,11.228,0.237,2.294,7.702,0.707,0.609,2.556,3.354,0
115,54,f,157.1.1,717.406,6.121,1.463,5.609,5.652,0.296,0.422,0.236,1.59,0.558,0.751,0.23,1.293,1.955,0
115,54,f,157.1.2,779.548,14.036,3.256,6.258,6.315,1.159,1.441,0.356,1.726,1.685,0.742,0.355,1.518,2.014,0
115,54,f,157.2.1,710.481,8.555,1.507,5.519,5.722,0.546,1.015,0.174,2.094,1.241,0.711,0.243,1.549,2.125,0
115,54,f,157.2.2,709.34,12.311,2.955,5.5,5.735,0.77,1.665,0.199,2.017,1.685,0.681,0.356,1.907,2.567,0
115,54,f,157.3.1,714.7,3.303,0.561,5.625,5.656,0.284,0.426,0.228,1.652,0.581,0.769,0.186,0.819,1.437,0
115,54,f,157.3.2,695.735,2.213,-0.311,5.485,5.728,0.25,0.816,0.235,1.59,1.176,0.756,-0.058,2.027,2.875,0
116,62,f,160.1,1201.8,7.01,2.117,9.683,11.467,20.216,40.441,0.039,3.865,19.917,0.447,0.768,1.558,1.881,1
116,62,f,160.2,1122.088,6.683,1.51,9.088,10.016,10.849,21.187,0.023,4.207,14.874,0.429,0.594,1.504,1.972,1
116,62,f,160.3.1,1448.986,2.611,-0.179,11.89,11.723,4.18,5.194,0.03,3.812,3.709,0.48,0.611,-0.66,-1.382,1
116,62,f,160.3.2,1250.739,2.301,0.237,10.164,10.366,7.02,10.15,0.019,4.295,6.208,0.49,0.652,0.951,1.498,1
116,62,f,160.3.3,1123.948,7.01,1.384,9.074,9.556,5.757,7.132,0.029,3.967,6.47,0.492,0.519,1.119,1.569,1
116,62,f,160.4.1,888.592,3.389,0.436,7.092,6.992,3.124,3.125,0.054,3.386,2.298,0.596,0.634,0.718,1.374,1
116,62,f,160.4.2,1169.13,3.472,0.655,9.471,9.542,9.376,10.911,0.019,4.413,6.79,0.479,0.667,0.886,1.392,1
116,62,f,160.4.3,872.886,2.948,-0.314,6.957,7.154,1.984,2.323,0.077,3.024,1.282,0.65,0.713,0.668,1.425,1
116,62,f,160.5.1,1079.208,7.068,1.748,8.696,8.787,8.579,9.855,0.034,3.943,4.179,0.542,0.776,1.261,1.691,1
116,62,f,160.5.2,1028.544,7.523,1.312,8.259,8.512,4.315,7.941,0.039,3.734,4.251,0.553,0.689,1.462,2.019,1
116,62,f,160.5.3,947.471,14.987,2.705,7.545,7.777,4.727,8.136,0.058,3.327,4.041,0.599,0.716,1.673,2.308,1
116,62,f,160.6.1,866.127,3.144,0.193,6.899,6.937,0.648,1.047,0.152,2.323,0.766,0.723,0.565,0.896,1.605,1
116,62,f,160.6.2,882.644,2.806,0.066,7.051,7.11,0.523,1.208,0.17,2.252,0.966,0.727,0.483,1.139,1.831,1
117,54,m,161.1,979.952,3.786,0.892,7.855,8.823,6.06,10.936,0.024,4.011,9.984,0.436,0.488,1.441,1.891,0
117,54,m,161.2,929.867,13.802,2.955,7.467,8.214,9.204,15.018,0.045,3.721,13.453,0.465,0.482,1.59,2.071,0
118,46,m,162.6,1561.789,3.141,-0.438,12.789,12.711,0.535,0.693,0.15,2.145,0.684,0.729,0.451,-0.837,-1.445,0
118,46,m,162.1.1,1639.948,3.417,-0.732,13.481,12.844,1.678,4.313,0.068,3.055,2.305,0.574,0.76,-1.542,-1.917,0
118,46,m,162.1.2,1676.566,3.389,-0.747,13.811,13.509,1.361,2.203,0.087,2.803,1.481,0.63,0.628,-1.265,-1.662,0
118,46,m,162.1.3,1689.677,3.428,-0.924,13.839,13.298,1.877,3.677,0.074,3.098,2.766,0.538,0.586,-1.336,-1.647,0
118,46,m,162.2.1,1671.298,5.718,-1.378,13.755,13.375,2.323,4.495,0.087,3.085,2.223,0.67,0.733,-1.501,-1.937,0
118,46,m,162.2.2,1648.611,4.677,-1.205,13.565,13.111,2.432,4.762,0.081,3.143,2.345,0.654,0.743,-1.465,-1.867,0
118,46,m,162.2.3,1695.425,3.314,-0.735,13.952,13.669,1.444,2.875,0.091,2.957,1.952,0.667,0.6,-1.385,-1.833,0
118,46,m,162.3.1,1769.192,6.689,-1.138,14.616,14.253,1.998,4.52,0.077,3.136,2.674,0.594,0.661,-1.591,-2.199,0
118,46,m,162.3.2,1722.438,5.572,-1.23,14.203,14.009,2.323,4.037,0.064,3.245,2.274,0.616,0.673,-1.411,-1.921,0
118,46,m,162.3.3,1736.447,5.69,-1.029,14.324,14.246,1.829,2.327,0.07,3.084,1.712,0.635,0.594,-1.114,-1.677,0
118,46,m,162.3.4,1733.261,5.123,-0.781,14.297,14.204,1.716,2.429,0.074,3.029,1.764,0.65,0.585,-1.1,-1.657,0
118,46,m,162.4.1,1735.64,2.927,-0.026,14.322,14.116,1.561,3.583,0.064,3.093,2.815,0.63,0.501,-1.543,-2.315,0
118,46,m,162.4.2,1710.292,5.182,-0.409,14.118,13.929,2.705,6.019,0.049,3.535,4.429,0.575,0.537,-1.296,-2.068,0
118,46,m,162.4.3,1721.902,4.189,-0.488,14.213,14.039,2.02,4.515,0.055,3.365,3.723,0.597,0.471,-1.369,-2.066,0
118,46,m,162.5.1,1730.76,9.194,-2.038,14.273,14.132,2.705,3.334,0.092,3.081,1.948,0.632,0.684,-1.354,-1.83,0
118,46,m,162.5.2,1737.994,3.422,-0.921,14.316,14.19,1.945,2.58,0.091,3.045,1.852,0.632,0.6,-1.16,-1.574,0
119,49,m,163.1,880.205,3.838,1.065,7,8.276,3.128,17.059,0.036,3.679,16.378,0.36,0.372,2.467,3.113,0
120,32,f,164.3,1410.579,3.1,0.666,11.526,11.654,0.705,0.963,0.161,2.267,0.768,0.753,0.556,0.991,1.428,1
120,32,f,164.4,1318.809,4.533,-0.194,10.713,11.239,2.694,3.443,0.053,3.397,3.027,0.557,0.556,0.99,1.69,1
120,32,f,164.1.1,1421.265,2.771,-0.355,11.641,11.566,2.401,2.6,0.048,3.404,2.267,0.597,0.548,-0.667,-1.299,1
120,32,f,164.1.2,1500.04,2.522,-0.426,12.317,12.186,2.216,2.394,0.059,3.082,1.295,0.657,0.723,-0.731,-1.243,1
120,32,f,164.2.1,1361.851,12.871,2.638,11.179,11.918,7.013,11.889,0.062,3.326,6.201,0.577,0.725,1.65,2.175,1
120,32,f,164.2.2,1437.177,24.462,4.044,11.785,12.307,4.827,9.048,0.082,3.022,6.313,0.606,0.593,1.817,2.399,1
121,35,f,165.1,2409.486,10.815,-2.297,20.071,18.839,6.152,17.778,0.034,3.779,12.768,0.441,0.606,-1.963,-2.548,0
121,35,f,165.2,2535.593,5.414,-1.807,21.124,20.184,5.188,16.349,0.089,3.411,13.737,0.516,0.471,-1.862,-2.274,0
121,35,f,165.3,2549.137,7.365,-2.227,21.282,20.451,5.861,16.773,0.102,3.228,12.335,0.541,0.554,-1.898,-2.367,0
121,35,f,165.4,2132.137,2.369,-0.608,17.644,17.075,13.051,20.07,0.017,4.469,13.336,0.331,0.621,-1.105,-1.449,0
122,49,m,168.2,1466.632,2.399,0.31,11.974,12.52,3.605,6.184,0.027,3.784,6.059,0.358,0.427,1.039,1.582,0
122,49,m,168.3,1451.391,2.544,0.546,11.826,12.467,4.231,10.923,0.034,3.631,12.576,0.328,0.22,1.511,1.934,0
122,49,m,168.1.1,1677.583,2.286,-0.055,13.75,12.896,3.354,8.343,0.034,3.492,11.104,0.283,0.125,-1.257,-1.796,0
122,49,m,168.1.2,1761.15,3.336,-0.183,14.4,13.163,9.84,16.886,0.021,3.992,14.113,0.254,0.549,-1.245,-1.711,0
123,69,m,169.3,1339.784,5.555,1.32,10.908,11.479,9.156,15.548,0.026,4.299,9.233,0.451,0.662,1.319,1.746,1
123,69,m,169.1.1,1623.953,2.919,0.616,13.326,13.55,10.735,11.187,0.021,4.377,5.299,0.455,0.761,0.83,1.279,1
123,69,m,169.1.2,1738.224,3.017,0.456,14.315,14.511,9.733,9.806,0.014,4.574,6.511,0.399,0.669,0.785,1.305,1
123,69,m,169.2.1,1983.568,2.804,0.888,16.432,17.182,10.245,12.703,0.018,4.206,10.885,0.324,0.553,1.034,1.344,1
123,69,m,169.2.2,1429.884,3.351,1.023,11.71,12.982,18.412,24.998,0.013,4.763,13.902,0.364,0.725,1.191,1.486,1
123,69,m,169.2.3,1422.612,5.084,1.415,11.612,11.479,7.282,6.294,0.042,3.8,6.31,0.508,0.538,1.12,1.515,1
124,57,m,170.1,1019,3.297,0.179,8.143,7.971,6.922,13.913,0.024,3.929,6.5,0.418,0.732,0.859,1.625,0
124,57,m,170.2,719.556,2.774,-0.449,5.611,5.528,2.127,6.166,0.047,3.232,5.833,0.363,0.341,0.559,1.955,0
125,62,m,171.1,908.451,29.534,4.478,7.282,7.211,1.808,1.491,0.159,2.27,1.993,0.695,0.399,1.493,2.138,0
125,62,m,171.3,882.293,3.022,-0.334,7.121,7.483,0.52,1.939,0.136,2.482,2.526,0.625,0.032,2.047,2.805,0
125,62,m,171.2.1,1027.288,9.914,2.583,8.322,8.886,4.32,8.389,0.076,3.2,6.53,0.493,0.54,1.718,2.205,0
125,62,m,171.2.2,1027.288,9.914,2.583,8.322,8.886,4.32,8.389,0.076,3.2,6.53,0.493,0.54,1.718,2.205,0
125,62,m,171.2.3,1020.647,9.677,1.934,8.228,8.794,4,9.998,0.038,3.639,7.04,0.51,0.575,1.816,2.411,0
126,60,m,172.1.1,1044.813,4.747,0.244,8.422,9.238,9.275,14.736,0.025,4.102,10.637,0.381,0.601,1.159,1.667,0
126,60,m,172.1.2,1006.118,5.458,1.722,8.088,9.044,5.022,11.969,0.051,3.356,6.441,0.475,0.739,1.623,1.976,0
126,60,m,172.2.1,1057.909,9.823,2.065,8.49,8.476,3.788,4.253,0.051,3.502,4.409,0.526,0.452,1.183,1.639,0
126,60,m,172.2.2,1010.5,7.074,1.729,8.063,8.188,2.934,4.827,0.06,3.297,3.831,0.54,0.524,1.326,1.91,0
126,60,m,172.2.3,1071.738,9.554,1.38,8.622,8.898,5.028,10.644,0.043,3.723,6.77,0.508,0.614,1.673,2.29,0
126,60,m,172.2.4,1098.468,6.564,1.586,8.833,9.003,4.472,10.823,0.041,3.746,6.387,0.511,0.642,1.737,2.358,0
126,60,m,172.3.1,1054.592,13.766,2.893,8.465,8.674,5.911,9.047,0.057,3.54,8.583,0.505,0.439,1.518,2.051,0
126,60,m,172.3.2,1051.477,8.621,2.105,8.407,8.916,3.916,11.368,0.053,3.447,7.282,0.491,0.619,1.909,2.521,0
126,60,m,172.3.3,966.104,15.215,2.682,7.708,8.099,1.207,4.287,0.09,2.791,4.943,0.582,0.155,2.047,2.717,0
127,79,m,173.1,1044.321,3.532,0.959,8.429,9.277,4.602,6.557,0.046,3.378,5.063,0.459,0.62,1.237,1.573,1
128,57,m,174.2,1269.989,3.762,0.241,10.368,10.339,1.313,2.42,0.072,3.022,2.69,0.582,0.293,0.983,1.854,0
128,57,m,174.1.1,1211.584,3.592,-0.317,9.805,9.672,3.793,4.272,0.035,3.792,5.101,0.458,0.37,-0.809,-1.43,0
128,57,m,174.1.2,1144.979,3.122,-0.542,9.208,9.25,2.457,2.979,0.045,3.398,3.177,0.504,0.418,0.553,1.338,0
128,57,m,174.3.1,1344.545,9.866,1.815,10.966,11.165,2.397,2.99,0.063,3.122,3.216,0.59,0.413,1.192,1.695,0
128,57,m,174.3.2,1373.271,4.173,0.483,11.254,11.496,1.037,2.131,0.087,2.778,1.979,0.616,0.42,1.4,1.913,0
128,57,m,174.4.1,1324.431,12.683,3.149,10.833,12.125,12.75,26.7,0.078,3.252,15.201,0.546,0.702,1.747,2.171,0
128,57,m,174.4.2,1236.573,18.41,3.359,10.097,11.068,6.923,18.791,0.054,3.519,11.806,0.538,0.651,1.961,2.537,0
128,57,m,174.5.1,1128.228,5.72,0.332,9.035,9.254,1.086,1.295,0.097,2.646,1.509,0.62,0.388,0.964,1.437,0
128,57,m,174.5.2,1244,9.218,2.362,10.015,10.712,5.154,12.551,0.063,3.207,6.004,0.546,0.758,1.803,2.301,0
128,57,m,174.5.3,1160.471,5.618,1.419,9.294,9.789,1.306,4.568,0.088,2.739,3.328,0.605,0.571,2.029,2.653,0
129,65,m,176.1,1072.658,2.801,0.853,8.684,8.579,7.9,7.441,0.035,3.691,9.013,0.377,0.413,1.003,1.384,1
129,65,m,176.4,1067.479,3.025,0.607,8.614,8.627,3.373,3.93,0.04,3.621,2.777,0.583,0.622,0.919,1.444,1
129,65,m,176.2.1,1052.214,4.56,1.331,8.462,9.02,10.988,15.687,0.015,4.57,14.231,0.318,0.486,1.307,1.682,1
129,65,m,176.2.2,1086.749,5.33,1.529,8.764,9.218,13.452,17.965,0.015,4.6,13.408,0.327,0.586,1.315,1.685,1
129,65,m,176.3.1,970.184,6.159,1.712,7.772,8.164,6.544,10.879,0.04,3.794,7.314,0.503,0.608,1.447,1.86,1
129,65,m,176.3.2,868.938,6.242,1.604,6.931,7.477,2.772,6.873,0.051,3.485,6.238,0.515,0.424,1.673,2.143,1
130,37,m,177.2,950.705,7.928,2.149,7.614,8.068,15.101,13.325,0.024,3.995,11.602,0.352,0.6,1.186,1.567,0
130,37,m,177.3,1328.581,2.979,0.894,10.871,11.024,25.145,27.169,0.021,4.109,19.476,0.242,0.629,0.968,1.338,0
130,37,m,177.1.1,867.4,3.252,1.199,6.85,7.138,3.928,4.119,0.069,2.896,3.938,0.498,0.521,1.046,1.306,0
130,37,m,177.1.2,917.423,5.379,1.547,7.352,8.303,9.58,18.838,0.025,4.217,13.662,0.365,0.583,1.44,1.788,0
130,37,m,177.1.3,734.871,5.777,1.449,5.806,6.887,3.382,13.181,0.045,3.439,9.29,0.44,0.632,2.066,2.555,0
131,13,f,178.1,2336.755,4.326,-0.746,19.466,18.899,7.709,12.155,0.018,4.428,9.647,0.391,0.544,-1.253,-1.713,0
131,13,f,178.2,2040.765,4.032,-1.439,16.941,16.479,14.197,16.879,0.033,4.139,14.426,0.4,0.545,-1.199,-1.505,0
131,13,f,178.3,2216.789,3.153,-0.265,18.405,18.255,11.183,12.944,0.012,4.821,9.168,0.366,0.623,-0.752,-1.408,0
132,60,m,180.1,2827.938,30.179,-4.75,23.667,22.875,3.722,12.474,0.109,2.743,10.042,0.57,0.498,-2.371,-3.193,0
132,60,m,180.2.1,2099.449,1.917,-0.269,17.408,15.903,34.813,41.271,0.011,4.663,14.128,0.241,0.847,-0.879,-1.245,0
132,60,m,180.2.2,2002.2,2.003,-0.043,16.633,15,31.966,36.7,0.014,4.393,13.883,0.232,0.839,-0.722,-1.212,0
133,71,f,182.1,1206.811,2.139,0.127,9.83,9.986,0.632,0.92,0.13,2.235,0.656,0.729,0.603,0.91,1.363,0
133,71,f,182.2.1,1136.786,2.279,0.529,9.179,9.415,8.897,8.341,0.021,4.129,7.862,0.359,0.547,0.788,1.222,0
133,71,f,182.2.2,952.328,3.656,1.127,7.609,8.016,4.457,6.859,0.038,3.571,4.289,0.448,0.65,1.246,1.589,0
133,71,f,182.3.1,1168.385,2.408,0.556,9.5,9.705,10.506,9.772,0.017,4.404,8.244,0.34,0.596,0.887,1.259,0
133,71,f,182.3.2,1102.136,3.162,0.852,8.889,9.12,8.469,8.927,0.023,4.163,7.219,0.371,0.588,1.026,1.391,0
134,59,m,183.1,854.324,2.812,0.515,6.765,7.088,0.651,1.492,0.111,2.467,1.588,0.609,0.335,1.5,1.95,1
134,59,m,183.2,861.568,4.486,-0.608,6.841,7.472,1.27,2.522,0.098,2.724,2.551,0.609,0.458,1.407,1.852,1
134,59,m,183.3,749.778,2.249,-0.106,5.889,6.069,0.488,0.731,0.145,2.089,0.708,0.713,0.455,0.99,1.462,1
134,59,m,183.4,1141.957,3.337,0.093,9.217,9.076,0.953,2.049,0.079,2.762,1.728,0.565,0.463,0.895,1.687,1
134,59,m,183.5,630.885,4.191,1.259,4.808,5.856,1.386,4.008,0.085,2.763,3.298,0.523,0.678,1.779,2.132,1
134,59,m,183.6,891.17,5.526,-1.005,7.17,7.059,0.992,1.64,0.117,2.664,2.548,0.59,0.038,-0.72,-1.637,1
134,59,m,183.7,955.37,5.509,1.196,7.667,8.435,2.815,5.283,0.054,3.243,3.583,0.477,0.662,1.49,1.879,1
135,52,f,184.5,858.452,5.99,1.513,6.845,6.815,1.464,1.948,0.125,2.667,2.101,0.634,0.388,1.286,1.749,1
135,52,f,184.1.1,949.489,4.978,0.339,7.614,7.613,2.22,2.136,0.07,3.218,2.02,0.61,0.536,0.478,1.413,1
135,52,f,184.1.2,939.435,17.092,2.361,7.513,7.475,3.067,2.404,0.076,3.149,2.649,0.629,0.52,1.068,1.719,1
135,52,f,184.2.1,1280.774,2.92,-0.238,10.369,10.214,2.804,3.799,0.043,3.529,2.732,0.505,0.597,-0.945,-1.485,1
135,52,f,184.2.2,1200.286,2.586,-0.297,9.696,9.371,5.354,6.805,0.03,3.755,2.576,0.516,0.803,-0.853,-1.326,1
135,52,f,184.2.3,1047.617,2.394,0.388,8.409,8.387,4.047,4.249,0.036,3.653,2.009,0.573,0.758,0.716,1.253,1
135,52,f,184.3.1,981.963,9.112,2.015,7.914,7.688,3.289,2.64,0.066,3.134,2.664,0.599,0.563,0.938,1.351,1
135,52,f,184.3.2,979.85,3.182,1.049,7.88,8.271,2.482,3.705,0.077,3.116,1.887,0.591,0.734,1.263,1.575,1
135,52,f,184.4.1,899.756,3.766,1.201,7.156,6.872,1.509,1.4,0.109,2.623,1.528,0.635,0.503,0.846,1.303,1
135,52,f,184.4.2,888.139,5.118,1.436,7.069,7.002,1.49,1.587,0.115,2.604,1.042,0.681,0.663,1.13,1.54,1
136,42,m,185.1,2299.816,3.649,-0.831,19.128,19.235,9.505,9.624,0.015,4.494,6.697,0.399,0.651,-0.94,-1.385,0
136,42,m,185.3,2759.038,3.507,0.529,23.029,22.924,2.801,3.407,0.032,3.742,3.666,0.454,0.413,0.501,1.524,0
136,42,m,185.4,2493.713,2.923,-0.711,20.775,20.319,11.755,15.464,0.014,4.575,4.527,0.432,0.849,-1.094,-1.459,0
136,42,m,185.5,2494.214,2.585,-0.652,20.783,20.693,12.677,12.705,0.016,4.398,3.285,0.466,0.871,-0.899,-1.263,0
136,42,m,185.2.1,2022.761,3.339,-0.504,16.742,16.592,9.662,11.009,0.016,4.445,6.121,0.405,0.706,-0.922,-1.412,0
136,42,m,185.2.2,1501.724,3.46,0.637,12.335,12.787,11.513,14.648,0.013,4.744,8.27,0.398,0.697,1.025,1.473,0
137,50,m,186.1,1049.218,9.233,-2.113,8.473,8.636,4.977,7.222,0.036,3.648,10.818,0.441,0.117,-1.081,-1.68,0
137,50,m,186.2,1084.2,1.73,0.084,8.8,9.038,5.16,13.836,0.028,3.705,12.438,0.358,0.391,-0.691,-1.68,0
137,50,m,186.3,1098.672,7.28,-1.45,8.859,8.613,4.605,6.378,0.038,3.75,8.977,0.498,0.191,-1.112,-1.573,0
137,50,m,186.4,938.439,3.516,-0.535,7.49,7.742,3.76,3.584,0.048,3.469,3.395,0.558,0.547,-0.797,-1.307,0
137,50,m,186.5.1,949.851,4.372,-0.481,7.598,7.428,4.16,5.397,0.027,3.877,5.066,0.506,0.477,-0.835,-1.449,0
137,50,m,186.5.2,1037.276,3.332,0.96,8.327,8.145,3.383,3.823,0.047,3.437,2.594,0.527,0.646,0.937,1.348,0
137,50,m,186.6.1,1066.253,5.796,-0.428,8.6,8.295,5.267,6.721,0.029,4.039,7.312,0.459,0.401,-0.727,-1.524,0
137,50,m,186.6.2,1046.156,5.617,-1.014,8.467,8.361,7.816,7.678,0.026,4.126,8.717,0.455,0.438,-0.767,-1.434,0
138,69,f,187.1,956.6,23.123,3.462,7.658,7.625,2.467,2.216,0.095,2.817,1.736,0.677,0.631,1.407,2.101,1
138,69,f,187.3,1177.421,3.513,0.42,9.611,9.705,2.869,2.739,0.048,3.31,1.805,0.606,0.68,0.693,1.332,1
138,69,f,187.2.1,1102.742,2.572,0.356,8.918,9.088,2.385,2.446,0.049,3.265,1.66,0.596,0.662,0.748,1.255,1
138,69,f,187.2.2,1104.128,3.638,0.73,8.923,9.015,2.481,2.472,0.049,3.352,2.13,0.571,0.572,0.809,1.289,1
138,69,f,187.2.3,1097.844,3.384,0.484,8.854,8.984,2.315,2.4,0.047,3.375,2.009,0.571,0.578,0.769,1.305,1
138,69,f,187.2.4,989.76,6.152,1.063,7.916,7.978,2.591,2.53,0.062,3.066,1.411,0.651,0.725,0.85,1.32,1
138,69,f,187.2.5,1101.504,7.942,1.781,8.878,8.733,4.211,3.939,0.049,3.366,2.289,0.573,0.722,1.157,1.646,1
139,63,f,188.1,2530.826,6.045,-1.232,21.11,20.858,7.456,11.498,0.02,4.246,8.849,0.347,0.549,-1.357,-1.828,0
139,63,f,188.2,2170.766,2.763,-0.621,18.032,17.221,13.733,14.837,0.014,4.539,5.96,0.356,0.815,-0.95,-1.295,0
140,61,f,189.1,1445.267,3.527,-0.779,11.815,12.272,6.195,6.191,0.031,3.965,3.987,0.502,0.695,-0.757,-1.363,1
140,61,f,189.3,1659.482,2.743,-0.519,13.631,13.688,7.197,8.906,0.02,4.184,3.628,0.481,0.779,-0.799,-1.335,1
140,61,f,189.4,1647.578,2.372,0.391,13.523,13.57,4.859,5.343,0.03,3.898,3.992,0.5,0.61,0.784,1.279,1
140,61,f,189.5,1589.524,2.499,-0.059,13.11,13.277,1.951,2.261,0.056,3.149,1.369,0.611,0.684,0.58,1.302,1
140,61,f,189.2.1,1714.102,1.69,0.142,14.142,14.033,5.429,5.954,0.037,3.613,1.825,0.614,0.842,0.328,1.17,1
140,61,f,189.2.2,1674.41,1.965,0.323,13.795,13.774,4.146,5.068,0.044,3.475,1.765,0.631,0.813,0.666,1.231,1
141,16,f,191.1,1716.738,2.561,-0.165,14.156,14.482,5.785,6.772,0.03,3.879,3.438,0.544,0.737,0.511,1.36,1
141,16,f,191.2,1753.343,2.516,0.537,14.457,15.657,14.248,22.64,0.022,4.103,18.257,0.277,0.559,1.151,1.469,1
141,16,f,191.4,2195.4,3.016,0.944,18.183,19.021,14.016,17.929,0.018,4.364,17.779,0.327,0.469,1.137,1.458,1
141,16,f,191.6,1529.879,5.047,1.486,12.576,11.386,9.759,5.116,0.038,3.51,5.326,0.419,0.776,0.747,1.246,1
141,16,f,191.7,1128.4,2.461,-0.325,9.133,9.233,1.049,1.362,0.077,2.751,1.15,0.625,0.532,0.158,1.36,1
141,16,f,191.3.1,2024.594,3.746,0.41,16.758,16.614,3.238,4.043,0.035,3.788,4.177,0.496,0.432,-0.183,-1.43,1
141,16,f,191.3.2,1565.393,2.51,0.579,12.929,13.973,8.923,10.365,0.028,3.783,8.348,0.429,0.626,1.025,1.369,1
141,16,f,191.5.1,2904.857,24.601,-4.386,24.238,24.012,4.848,8.369,0.109,2.655,5.94,0.579,0.575,-1.845,-2.493,1
141,16,f,191.5.2,1385.159,2.245,-0.519,11.365,10.671,6.105,8.411,0.028,3.81,3.607,0.455,0.795,-1.001,-1.331,1
141,16,f,191.5.3,2126.075,2.913,0.692,17.625,17.425,5.684,4.907,0.028,3.792,4.163,0.431,0.612,0.766,1.211,1
141,16,f,191.5.4,2084.4,5.406,1.432,17.333,17.125,4.022,3.659,0.042,3.416,3.708,0.441,0.523,1.017,1.423,1
142,33,m,195.3,967.172,15.014,3.44,7.69,9.353,5.249,22.487,0.098,2.861,17.56,0.533,0.596,2.295,2.864,0
142,33,m,195.4,2010.167,2.636,-0.172,16.595,15.911,26.193,36.2,0.016,4.397,16.935,0.279,0.746,-0.785,-1.346,0
142,33,m,195.1.1,1265.378,4.455,1.329,10.27,12.554,24.954,41.869,0.018,4.292,33.486,0.265,0.596,1.287,1.568,0
142,33,m,195.1.2,1222.213,6.088,1.877,9.967,12.242,29.737,46.429,0.045,3.818,24.832,0.373,0.76,1.348,1.609,0
142,33,m,195.2.1,2182.088,3.5,-1.091,18.029,17.559,13.911,16.702,0.022,4.145,13.853,0.316,0.557,-1.031,-1.394,0
142,33,m,195.2.2,1470,2.105,0.748,12.125,15.469,31.984,55.749,0.044,3.523,47.781,0.259,0.605,1.271,1.506,0
142,33,m,195.2.3,1074.154,3.64,1.348,8.654,9.981,9.957,16.663,0.045,3.677,10.346,0.411,0.7,1.315,1.578,0
142,33,m,195.2.4,1028.551,4.948,1.724,8.265,9.643,8.644,15.587,0.052,3.482,9.765,0.439,0.705,1.43,1.713,0
142,33,m,195.2.5,1262.759,4.894,1.759,10.293,11.69,21.655,35.749,0.041,3.85,22.517,0.377,0.662,1.427,1.727,0
142,33,m,195.2.6,1247.227,4.194,1.525,10.227,12.989,19.085,47.034,0.046,3.525,37.057,0.328,0.612,1.61,1.897,0
143,59,m,196.2,1001.187,2.544,0.566,8.049,8.427,2.046,3.127,0.057,3.226,2.142,0.594,0.627,1.188,1.607,0
143,59,m,196.4,1158.455,3.219,1.128,9.364,11.057,7.777,17.304,0.041,3.548,12.102,0.4,0.683,1.422,1.654,0
143,59,m,196.1.1,1291.483,3.998,1.038,10.517,11.328,4.801,9.634,0.028,3.737,12.621,0.349,0.182,1.43,1.792,0
143,59,m,196.1.2,1187.294,4.049,0.926,9.624,10.015,4.941,8.791,0.032,3.817,6.026,0.47,0.596,1.344,1.835,0
143,59,m,196.3.1,945.14,2.863,1.015,7.535,7.785,1.923,2.622,0.07,3.009,2.041,0.561,0.572,1.156,1.48,0
143,59,m,196.3.2,956.611,5.234,1.38,7.667,8.13,2.037,3.372,0.054,3.248,3.056,0.52,0.49,1.292,1.653,0
144,33,m,197.1,1640.318,2.267,0.613,13.568,14.716,18.109,28.828,0.013,4.487,14.136,0.271,0.747,1.086,1.412,0
144,33,m,197.5,1215.913,4.79,1.316,9.881,9.964,12.629,19.185,0.024,4.293,9.873,0.43,0.705,1.246,1.659,0
144,33,m,197.6,969.123,4.766,1.451,7.795,8.082,5.122,8.219,0.058,3.417,3.932,0.562,0.732,1.354,1.745,0
144,33,m,197.2.1,1189.056,4.13,1.507,9.778,10.993,9.895,17.59,0.076,3.404,16.354,0.444,0.478,1.388,1.684,0
144,33,m,197.2.2,1113.204,11.669,2.825,9.041,10.158,4.57,17.113,0.071,3.184,9.811,0.517,0.742,2.141,2.692,0
144,33,m,197.3.1,1242.354,7.403,1.954,10.073,10.34,8.158,12.584,0.036,3.919,9.601,0.502,0.553,1.452,1.909,0
144,33,m,197.3.2,1140.018,7.31,2.105,9.164,10.468,8.791,24.167,0.043,3.701,18.568,0.422,0.552,1.796,2.233,0
144,33,m,197.3.3,1065.094,6.409,1.783,8.594,9.25,1.179,5.344,0.126,2.521,4.016,0.563,0.585,2.302,2.916,0
144,33,m,197.4.1,1153.829,2.795,0.027,9.286,10.257,4.547,8.977,0.028,3.8,5.1,0.444,0.733,1.164,1.673,0
144,33,m,197.4.2,1160.509,9.742,2.4,9.345,9.573,3.135,8.772,0.085,2.89,7.091,0.588,0.464,2.071,2.809,0
144,33,m,197.4.3,1029.934,4.371,0.449,8.213,8.135,1.25,3.15,0.104,2.641,2.127,0.657,0.574,1.888,2.958,0
145,15,m,197.01,1866.75,2.907,0.012,15.375,15.92,10.429,13.358,0.014,4.472,8.483,0.322,0.661,0.757,1.357,1
145,15,m,197.011,1889.157,3.541,-0.058,15.634,15.913,8.82,8.484,0.016,4.429,6.632,0.385,0.621,0.507,1.392,1
145,15,m,197.7,1754.943,2.16,-0.38,14.472,15.042,10.287,8.984,0.02,4.15,5.91,0.392,0.712,-0.625,-1.171,1
145,15,m,197.8,2174.059,2.203,0.086,18.049,18.61,13.478,15.439,0.011,4.746,9.767,0.322,0.675,0.703,1.274,1
145,15,m,197.9,1787.953,2.751,0.152,14.752,15.144,12.536,14.583,0.01,4.878,11.312,0.327,0.59,0.679,1.352,1
146,32,f,200.1,1026.444,5.011,0.861,8.263,8.348,1.931,2.555,0.055,3.191,2.682,0.572,0.408,0.941,1.54,0
146,32,f,200.2,1081.608,7.218,1.033,8.72,8.862,2.41,2.695,0.06,3.249,2.882,0.587,0.44,0.947,1.607,0
146,32,f,200.4,1339.5,5.219,1.446,10.89,11.265,5.464,8.024,0.041,3.711,6.643,0.438,0.527,1.318,1.727,0
146,32,f,200.3.1,1195.222,3.508,0.654,9.689,9.917,1.57,1.971,0.081,2.987,2.183,0.637,0.401,0.996,1.438,0
146,32,f,200.3.2,1218.548,13.993,2.63,9.897,10.591,4.585,10.031,0.058,3.429,6.667,0.576,0.622,1.842,2.46,0
147,57,f,201.1,593.405,2.779,0.291,4.557,4.68,0.551,0.952,0.143,2.256,0.915,0.72,0.416,1.135,1.703,0
147,57,f,201.2,762.464,6.568,1.699,6.052,6.363,5.162,9.448,0.034,3.783,10.317,0.446,0.314,1.537,2.055,0
147,57,f,201.3,839,3.301,1.084,6.609,7.717,4.064,11.311,0.047,3.482,13.283,0.413,0.245,1.675,2.074,0
147,57,f,201.4,603.868,7.203,1.677,4.658,4.914,0.857,1.841,0.109,2.59,2.967,0.58,-0.081,1.561,2.083,0
148,73,m,202.1,1053.839,3.618,-0.163,8.5,8.33,0.714,0.65,0.158,2.242,0.955,0.683,0.321,-0.585,-1.267,1
148,73,m,202.3,1357.108,3.48,-0.299,11.083,10.825,4.643,5.49,0.034,3.795,2.471,0.53,0.765,-0.831,-1.399,1
148,73,m,202.5,1070.513,3.1,-0.147,8.618,8.669,2.359,2.3,0.046,3.372,1.884,0.571,0.596,-0.584,-1.311,1
148,73,m,202.2.1,1107.873,3.459,-0.824,8.968,8.784,4.61,5.426,0.036,3.76,2.944,0.528,0.712,-1.051,-1.438,1
148,73,m,202.2.2,900.221,1.938,0.158,7.212,7.394,2.878,3.056,0.039,3.464,2.683,0.527,0.554,0.71,1.198,1
148,73,m,202.4.1,1118.816,2.125,-0.208,9.043,9.087,3.808,4.282,0.033,3.648,1.943,0.562,0.761,-0.284,-1.251,1
148,73,m,202.4.2,1192.461,2.526,0.054,9.676,9.655,5.404,5.576,0.025,4.032,2.902,0.532,0.736,0.427,1.26,1
149,69,m,203.2,815,3.134,0.361,6.512,6.976,1.372,2.012,0.067,2.956,2.012,0.557,0.477,1.21,1.602,1
149,69,m,203.4,1073.276,2.918,0.069,8.638,8.565,3.8,3.565,0.038,3.598,2.422,0.529,0.672,0.384,1.264,1
149,69,m,203.1.1,1056.296,3.43,0.04,8.556,8.46,0.79,0.705,0.128,2.389,0.972,0.662,0.357,0.197,1.271,1
149,69,m,203.1.2,1065.714,3.04,0.282,8.604,8.714,1.044,1.246,0.093,2.699,0.968,0.676,0.585,0.922,1.407,1
149,69,m,203.3.1,1295.218,3.323,0.512,10.538,10.529,10.637,10.361,0.017,4.402,3.561,0.497,0.83,0.809,1.338,1
149,69,m,203.3.2,1253.161,3.126,0.295,10.194,10.314,8.738,9.172,0.02,4.195,2.663,0.509,0.852,0.744,1.341,1
149,69,m,203.5.1,982.434,5.462,1.503,7.894,8.021,2.547,3.55,0.08,3.098,2.141,0.622,0.66,1.288,1.671,1
149,69,m,203.5.2,897.815,6.413,1.193,7.18,7.358,0.743,1.547,0.135,2.426,1.437,0.657,0.413,1.703,2.37,1
149,69,m,203.6.1,798.479,3.092,0.154,6.324,6.447,1.008,1.163,0.085,2.733,1.151,0.636,0.478,0.736,1.328,1
149,69,m,203.6.2,926.887,3.971,0.391,7.424,7.455,1.609,1.764,0.07,3.1,1.713,0.605,0.493,0.678,1.418,1
150,60,m,204.1,2058.955,3.38,0.283,17.091,16.352,5.446,7.41,0.034,3.551,9.625,0.34,0.297,-0.987,-1.503,0
150,60,m,204.2,2222.698,2.079,-0.189,18.465,17.64,12.714,20.812,0.012,4.575,14.14,0.235,0.617,-0.972,-1.413,0
150,60,m,204.3,2662.976,4.212,-1.319,22.262,21.119,4.765,12.867,0.049,3.549,7.976,0.414,0.7,-1.637,-1.957,0
150,60,m,204.4,2700.39,4.186,-1.277,22.475,21.144,5.775,16.386,0.054,3.708,10.814,0.425,0.674,-1.705,-2.058,0
150,60,m,204.5,2570.904,3.423,-1.121,21.438,20.216,6.602,15.697,0.035,3.954,9.092,0.407,0.722,-1.502,-1.796,0
150,60,m,204.6,2148,2.796,-0.736,17.9,16.83,15.33,20.871,0.016,4.352,15.74,0.244,0.604,-1.045,-1.37,0
150,60,m,204.7,1563.167,2.362,0.292,12.833,11.708,3.639,5.832,0.049,3.152,7.208,0.299,0.383,-1.206,-1.55,0
151,67,m,205.1,709.207,3.696,0.266,5.543,5.739,0.487,0.829,0.154,2.195,0.913,0.693,0.347,1.266,1.745,1
151,67,m,205.2,651.321,9.42,2.032,5.018,5.179,0.768,1.325,0.156,2.253,1.161,0.691,0.475,1.529,2.037,1
151,67,m,205.3,660.773,5.95,1.505,5.152,5.5,0.826,2.053,0.132,2.525,1.606,0.658,0.535,1.608,2.04,1
151,67,m,205.4,627.208,3.408,0.736,4.871,5.015,0.508,0.841,0.147,2.153,0.752,0.719,0.472,1.252,1.776,1
151,67,m,205.6,684.555,4.995,1.318,5.306,5.708,1.035,2.338,0.104,2.732,1.651,0.641,0.606,1.516,1.929,1
151,67,m,205.7,806.509,2.717,0.864,6.377,7.057,3.82,5.591,0.043,3.427,3.33,0.51,0.708,1.186,1.505,1
151,67,m,205.8,770.545,2.472,0.447,6.091,6.534,1.628,3.385,0.047,3.269,3.602,0.45,0.342,1.28,1.662,1
151,67,m,205.5.1,671.853,7.141,2.04,5.213,5.077,2.461,1.477,0.1,2.743,2.377,0.599,0.414,0.986,1.37,1
151,67,m,205.5.2,656.457,4.551,1.184,5.081,5.399,1.171,2.087,0.092,2.844,1.948,0.612,0.451,1.367,1.768,1
152,65,m,206.4,658.458,4.406,1.078,5.11,5.477,1.03,2.262,0.112,2.672,1.731,0.651,0.555,1.575,2.055,1
152,65,m,206.5,702.587,4.275,0.942,5.524,5.79,0.503,1.063,0.172,2.147,1.115,0.732,0.357,1.488,2.04,1
152,65,m,206.1.1,637.881,4.877,0.964,4.881,5.072,0.477,0.931,0.172,2.117,1.03,0.702,0.311,1.507,2.049,1
152,65,m,206.1.2,625.625,2.209,0.348,4.775,5.356,0.424,1.929,0.135,2.247,1.681,0.627,0.558,2.039,2.458,1
152,65,m,206.2.1,704.776,7.335,2.031,5.539,6,1.354,3.211,0.244,2.333,2.296,0.685,0.595,1.731,2.197,1
152,65,m,206.2.2,632.804,4.509,0.802,4.98,5.304,0.411,1.084,0.204,2.092,1.137,0.706,0.347,1.706,2.26,1
152,65,m,206.2.3,689.747,7.919,1.89,5.398,5.81,0.721,2.455,0.237,2.206,1.901,0.706,0.543,2.079,2.727,1
152,65,m,206.3.1,796.667,4.095,1.197,6.333,7.141,6.597,14.006,0.03,3.794,9.339,0.431,0.62,1.565,2.054,1
152,65,m,206.3.2,623.636,9.179,1.847,4.827,5.116,0.525,1.152,0.169,2.152,0.943,0.712,0.526,1.633,2.176,1
153,60,m,208.1,1601.52,2.987,-0.143,13.16,12.16,6.054,20.554,0.029,3.808,17.42,0.339,0.457,-1.688,-2.178,0
153,60,m,208.2,1146.517,3.281,0.319,9.345,9.862,4.295,7.636,0.026,3.835,7.224,0.343,0.434,0.671,1.718,0
154,43,f,209.1,977.353,4.942,1.407,7.794,7.846,6.722,5.682,0.04,3.72,6.581,0.457,0.471,0.943,1.303,1
154,43,f,209.2,970.293,2.902,0.925,7.829,8.268,4.532,6.294,0.038,3.687,5.524,0.447,0.514,1.054,1.39,1
154,43,f,209.6,992.017,2.235,0.036,7.967,8.367,2.799,4.074,0.044,3.447,2.708,0.521,0.64,0.934,1.42,1
154,43,f,209.3.1,1311.806,2.144,0.492,10.71,11.637,10.916,15.876,0.021,4.101,13.04,0.275,0.555,1.095,1.43,1
154,43,f,209.3.2,1056.971,3.616,1.387,8.529,9.059,14.308,18.129,0.036,3.826,26.015,0.347,0.208,1.182,1.507,1
154,43,f,209.4.1,1214.529,2.127,0.448,9.824,10.691,6.969,9.302,0.03,3.683,9.338,0.309,0.477,1.026,1.36,1
154,43,f,209.4.2,1119.057,2.717,0.591,9.029,9.068,4.856,5.592,0.029,3.916,5.261,0.433,0.498,0.927,1.367,1
154,43,f,209.5.1,1266.872,2.206,0.187,10.404,11.468,8.198,14.323,0.014,4.419,12.84,0.317,0.499,1.042,1.475,1
154,43,f,209.5.2,1310.433,5.021,1.135,10.733,11.7,4.796,7.493,0.078,3.141,3.417,0.525,0.818,1.305,1.639,1
155,44,f,210.3,909.739,10.599,2.937,7.174,7.446,8.405,7.899,0.084,2.96,10.62,0.538,0.353,1.323,1.694,1
155,44,f,210.5,958.667,2.611,0.516,7.685,8.199,1.031,2.558,0.082,2.843,2.644,0.586,0.372,1.609,2.079,1
155,44,f,210.1.1,1021.867,4.852,1.421,8.222,9.261,7.24,13.348,0.038,3.762,13.172,0.393,0.432,1.369,1.708,1
155,44,f,210.1.2,1025,5.585,1.709,8.279,8.657,4.806,7.993,0.057,3.357,4.378,0.492,0.691,1.426,1.777,1
155,44,f,210.1.3,1134.067,2.405,0.442,9.267,10.867,0.996,11.716,0.063,2.947,11.267,0.447,0.586,3.181,3.741,1
155,44,f,210.2.1,1043.295,3.4,0.992,8.409,8.943,1.787,5.349,0.06,3.104,4.886,0.51,0.41,1.831,2.37,1
155,44,f,210.2.2,947.5,11.89,2.643,7.481,8.032,1.287,3.346,0.107,2.716,2.903,0.576,0.49,1.877,2.475,1
155,44,f,210.2.3,877.515,11.573,2.239,6.941,7.684,1.938,5.429,0.054,3.306,5.316,0.501,0.401,1.884,2.477,1
155,44,f,210.4.1,1116.759,4.763,1.164,9.063,10.101,6.971,11.199,0.022,4.225,10.772,0.399,0.48,1.338,1.691,1
155,44,f,210.4.2,1142.481,5.765,1.662,9.259,9.59,10.488,17.057,0.028,4.015,14.565,0.419,0.489,1.459,1.906,1
156,55,f,211.4,1207,2.493,0.16,9.794,10.078,2.967,4.352,0.035,3.69,3.588,0.492,0.53,1.003,1.559,1
156,55,f,211.5,908.464,4.704,1.13,7.237,7.363,1.336,1.494,0.086,2.778,1.271,0.659,0.557,0.99,1.387,1
156,55,f,211.1.1,1184.364,3.424,0.393,9.614,9.47,2.237,2.336,0.048,3.402,2.333,0.537,0.494,0.527,1.376,1
156,55,f,211.1.2,1168.368,3.805,-0.174,9.497,9.494,2.643,3.747,0.041,3.617,2.874,0.513,0.559,0.114,1.52,1
156,55,f,211.2.1,1145.44,3.847,-0.182,9.29,9.148,1.906,2.556,0.064,3.266,2.848,0.537,0.37,-0.586,-1.585,1
156,55,f,211.2.2,1035.886,5.237,1.446,8.316,8.557,5.229,5.127,0.054,3.331,2.361,0.58,0.778,1.019,1.344,1
156,55,f,211.2.3,1362.047,9.018,2.158,11.093,11.017,7.573,5.878,0.036,3.659,5.692,0.432,0.582,1.107,1.487,1
156,55,f,211.2.4,1113.367,4.369,0.003,9.023,8.973,1.726,2.3,0.067,3.251,2.98,0.542,0.263,0.131,1.545,1
156,55,f,211.2.5,1137.448,6.777,1.313,9.239,9.119,3.346,2.874,0.063,3.171,2.455,0.568,0.609,0.987,1.549,1
156,55,f,211.3.1,1183.041,4.189,1.218,9.649,9.48,1.931,2.236,0.101,2.831,2.027,0.631,0.522,1.005,1.449,1
156,55,f,211.3.2,1141.767,4.016,1.052,9.256,9.522,1.924,2.794,0.073,3.122,2.261,0.597,0.545,1.182,1.554,1
156,55,f,211.3.3,1076.261,4.799,1.357,8.696,9.288,1.647,2.781,0.073,3.002,2.777,0.539,0.468,1.388,1.737,1
157,45,m,212.1,1228.583,2.171,0.109,9.917,10.135,1.743,1.888,0.056,3.013,2.427,0.497,0.345,0.733,1.239,1
157,45,m,212.2.1,1232,3.185,0.801,10,10.417,0.933,1.31,0.104,2.37,1.35,0.605,0.482,1.167,1.435,1
157,45,m,212.2.2,1242.556,2.146,-0.106,10.111,10.556,0.765,1.414,0.09,2.535,1.444,0.578,0.448,1.146,1.465,1
158,2,f,214.3,1369.958,4.936,1.138,11.164,11.119,5.944,6.189,0.024,4.058,3.917,0.46,0.677,1.023,1.461,1
158,2,f,214.4,1273.775,3.97,0.63,10.389,10.237,6.381,6.434,0.02,4.254,4.451,0.443,0.654,0.855,1.415,1
158,2,f,214.5,1226.755,6.223,0.884,9.989,9.937,6.23,6.185,0.022,4.228,5.561,0.449,0.552,0.852,1.49,1
158,2,f,214.6,1355.259,3.822,0.819,11.05,11.119,4.505,4.543,0.03,3.879,3.649,0.483,0.597,1.009,1.432,1
158,2,f,214.7,1326.697,2.938,0.384,10.814,10.797,4.503,5.223,0.028,3.916,3.336,0.496,0.659,0.726,1.354,1
158,2,f,214.9,1272.848,2.597,-0.164,10.363,10.398,8.489,8.589,0.015,4.455,5.029,0.427,0.706,-0.571,-1.257,1
158,2,f,214.1.1,1276.643,2.467,0.002,10.343,10.436,3.454,4.532,0.03,3.729,4.093,0.498,0.493,0.573,1.344,1
158,2,f,214.1.1,1267.409,4.929,0.458,10.311,10.492,4.97,7.223,0.025,4.056,4.995,0.482,0.603,1.061,1.742,1
158,2,f,214.1.1,1184.554,8.365,1.432,9.615,9.662,3.037,4.585,0.074,3.119,3.238,0.603,0.588,1.234,1.854,1
158,2,f,214.1.2,1288,5.561,0.743,10.461,11.265,5.739,10.773,0.021,4.138,9.652,0.409,0.477,1.371,1.855,1
158,2,f,214.1.2,1284.548,5.448,0.715,10.459,10.616,4.439,6.459,0.03,3.901,4.384,0.507,0.611,1.151,1.803,1
158,2,f,214.2.1,1266.69,2.975,0.115,10.322,10.323,3.529,3.931,0.037,3.704,3.539,0.518,0.526,0.444,1.33,1
158,2,f,214.2.2,1345.084,4.305,0.658,10.983,10.803,2.285,2.465,0.052,3.389,3.004,0.52,0.375,0.612,1.412,1
158,2,f,214.8.1,1327.658,3.27,0.42,10.827,10.921,15.019,15.894,0.011,4.812,6.154,0.426,0.802,0.725,1.328,1
158,2,f,214.8.2,1419.067,3.3,0.245,11.602,11.716,10.344,12.395,0.014,4.647,5.839,0.429,0.747,0.69,1.395,1
159,29,f,219.1,1616.854,4.152,-1.404,13.268,12.183,14.294,20.881,0.026,4.109,15.073,0.36,0.616,-1.238,-1.521,0
159,29,f,219.2,1643.388,5.023,-1.188,13.507,13.347,4.079,5.306,0.038,3.671,4.88,0.539,0.487,-1.128,-1.588,0
159,29,f,219.3,1579.627,3.05,0.185,12.981,12.909,2.406,2.716,0.051,3.331,1.483,0.632,0.713,0.248,1.353,0
159,29,f,219.7,1469.473,3.07,-0.251,12.008,11.744,2.814,4.237,0.048,3.429,2.136,0.604,0.722,-0.965,-1.488,0
159,29,f,219.8,1561.115,4.638,-1.406,12.918,12.303,2.075,4.252,0.098,2.881,1.918,0.596,0.806,-1.477,-1.816,0
159,29,f,219.4.1,1588.612,3.71,-0.408,13.044,12.93,1.444,2.355,0.084,2.968,1.986,0.668,0.495,-1.224,-1.865,0
159,29,f,219.4.2,1616.082,3.107,0.24,13.293,13.176,0.885,1.186,0.115,2.589,0.985,0.701,0.537,-0.789,-1.484,0
159,29,f,219.5.1,1559.305,4.235,0.779,12.818,12.773,2.809,3.114,0.064,3.305,1.382,0.651,0.768,0.926,1.479,0
159,29,f,219.5.2,1541.159,4.404,0.989,12.654,12.582,3.134,3.569,0.067,3.318,1.457,0.646,0.785,0.933,1.514,0
159,29,f,219.6.1,1514.205,2.596,0.1,12.41,12.285,2.975,3.173,0.044,3.43,1.396,0.638,0.776,-0.316,-1.274,0
159,29,f,219.6.2,1519.184,4.349,0.295,12.456,12.325,2.326,2.923,0.069,3.049,1.165,0.675,0.786,0.741,1.477,0
160,41,m,220.2,1059.029,3.812,1.186,8.485,8.882,10.25,9.751,0.02,4.204,9.404,0.376,0.538,1.033,1.35,1
160,41,m,220.1.1,984.586,3.783,1.001,7.954,8.132,4.067,4.385,0.037,3.674,4.822,0.436,0.434,1.032,1.384,1
160,41,m,220.1.2,1011.397,2.696,0.724,8.165,8.448,3.94,4.863,0.031,3.786,4.585,0.436,0.491,1.052,1.398,1
160,41,m,220.1.3,993.528,2.708,0.792,8.014,8.413,3.347,4.347,0.038,3.566,4.226,0.46,0.476,1.112,1.427,1
160,41,m,220.1.4,980.224,3.297,0.893,7.914,8.155,2.803,3.64,0.043,3.433,3.922,0.486,0.404,1.119,1.467,1
160,41,m,220.1.5,1057.151,4.788,1.37,8.534,8.606,10.55,11.828,0.025,4.271,13.027,0.404,0.419,1.103,1.497,1
160,41,m,220.1.6,822.59,3.011,0.636,6.564,7.269,1.425,3.812,0.053,3.191,4.526,0.453,0.259,1.597,1.942,1
161,44,m,221.2,1133.5,5.147,1.643,9.167,10.49,12.056,22.25,0.033,3.665,12.906,0.368,0.707,1.466,1.808,1
161,44,m,221.3,1146.08,3.196,0.751,9.28,10.2,3.802,6.14,0.039,3.418,4.06,0.453,0.696,1.27,1.556,1
161,44,m,221.1.1,991.342,8.58,2.157,7.974,8.316,4.552,6.124,0.052,3.475,8.711,0.438,0.197,1.288,1.694,1
161,44,m,221.1.2,971.125,11.64,2.531,7.792,8.479,4.165,7.062,0.074,3.143,8.604,0.454,0.285,1.485,1.895,1
162,25,f,223.1,1159.691,2.554,0.771,9.436,10.477,13.155,23.013,0.019,4.39,20.277,0.3,0.488,1.239,1.589,1
162,25,f,223.2.1,1110.113,3.782,1.271,8.991,9.517,16.67,22.339,0.02,4.444,15.267,0.382,0.622,1.204,1.528,1
162,25,f,223.2.2,928.812,3.378,0.969,7.42,9.391,9.954,26.724,0.021,4.179,17.565,0.34,0.705,1.571,1.88,1
162,25,f,223.3.1,1055.944,3.413,1.194,8.472,8.799,10.86,16.633,0.028,3.85,11.507,0.347,0.599,1.251,1.576,1
162,25,f,223.3.2,900.043,12.234,2.987,7.174,8.304,13.491,22.103,0.05,3.494,12.076,0.475,0.718,1.532,1.879,1
163,49,f,224.4,599.462,3.67,0.477,4.602,5.11,1.852,3.501,0.057,3.302,3.562,0.516,0.402,1.392,1.775,0
163,49,f,224.1.1,591.289,4.549,0.717,4.525,4.613,1.534,1.823,0.058,3.154,2.336,0.551,0.308,1.044,1.523,0
163,49,f,224.1.2,623.256,2.749,0.221,4.791,4.837,1.359,1.977,0.056,3.153,2.62,0.539,0.219,0.963,1.562,0
163,49,f,224.2.1,570.829,4.218,0.209,4.355,4.498,1.483,2.243,0.063,3.231,3.221,0.51,0.144,1.05,1.705,0
163,49,f,224.2.2,611.661,5.343,1.101,4.735,5.107,2.152,4.162,0.06,3.344,3.837,0.522,0.437,1.564,2.106,0
163,49,f,224.2.3,612.679,10.812,1.703,4.756,5.298,1.825,3.119,0.069,3.065,3.292,0.536,0.408,1.577,2.115,0
163,49,f,224.3.1,553.028,4.555,-0.657,4.256,4.443,1.757,1.877,0.057,3.264,3.015,0.503,0.18,0.557,1.453,0
163,49,f,224.3.2,589.309,9.967,1.021,4.556,4.874,2.356,4.15,0.043,3.589,4.739,0.476,0.299,1.474,2.123,0
163,49,f,224.3.3,628.274,2.761,-0.497,4.89,5.151,1.687,3.916,0.048,3.332,4.849,0.496,0.16,1.413,2.173,0
164,62,f,225.1,899.98,3.028,0.091,7.196,7.475,0.589,1.985,0.122,2.376,2.23,0.622,0.195,2.265,3.191,0
164,62,f,225.2,895.538,2.839,0.235,7.131,7.203,0.459,0.766,0.158,2.184,1.024,0.68,0.173,1.164,1.843,0
164,62,f,225.3.1,901.25,1.787,0.052,7.205,7.278,0.481,0.803,0.133,2.216,1.313,0.609,-0.018,0.969,1.59,0
164,62,f,225.3.2,900.867,3.657,-0.224,7.173,7.383,0.65,1.41,0.113,2.547,2.143,0.572,-0.021,1.305,1.923,0
165,65,f,228.2,670.623,10.178,1.658,5.18,5.488,1.525,4.938,0.074,2.988,4.143,0.561,0.44,1.914,2.533,0
165,65,f,228.3,759.706,5.606,1.348,5.941,6.265,1.467,2.048,0.082,2.793,2.382,0.513,0.357,1.254,1.59,0
165,65,f,228.1.1,818.44,2.99,0.513,6.48,6.82,5.37,5.948,0.024,3.881,8.56,0.317,0.254,0.938,1.323,0
165,65,f,228.1.2,819.063,3.024,0.742,6.438,6.281,4.121,6.827,0.035,3.498,8.438,0.36,0.239,0.881,1.428,0
165,65,f,228.1.3,687.143,2.288,0.5,5.357,5.232,1.515,2.964,0.061,2.965,3.661,0.448,0.197,0.543,1.532,0
166,38,m,229.1,1974.012,2.566,0.446,16.358,16.562,6.526,6.913,0.017,4.248,8.623,0.323,0.362,0.819,1.341,0
166,38,m,229.2,1584.491,3.103,0.111,13.055,12.664,7.252,8.941,0.018,4.198,9.718,0.352,0.412,0.776,1.377,0
167,46,m,230.2,1119.556,3.902,1.182,9.111,9.208,2.321,8.498,0.089,2.855,4.847,0.557,0.673,1.756,2.277,1
167,46,m,230.3,769.04,2.291,0.466,5.96,6.61,1.158,5.918,0.089,2.751,5.13,0.608,0.452,2.564,3.474,1
167,46,m,230.1.1,1039.681,12.081,2.55,8.447,8.66,8.162,12.225,0.047,3.481,8.011,0.521,0.622,1.388,1.801,1
167,46,m,230.1.2,1057.846,8.68,2.2,8.596,8.784,9.318,16.631,0.041,3.634,10.255,0.509,0.632,1.482,1.915,1
168,73,m,233.1.1,975.971,2.618,0.147,7.765,7.662,2.886,4.915,0.044,3.405,4.059,0.537,0.498,0.992,1.644,1
168,73,m,233.1.2,1011.313,6.538,1.816,8.167,8.307,1.931,2.775,0.084,2.902,2.214,0.585,0.543,1.339,1.763,1
168,73,m,233.2.1,1272.973,10.848,2.723,10.405,10.75,10.89,17.985,0.042,3.542,16.02,0.428,0.463,1.593,2.055,1
168,73,m,233.2.2,1006.057,3.057,0.644,8.057,8.259,0.997,1.522,0.117,2.595,1.241,0.657,0.536,1.183,1.608,1
168,73,m,233.3.1,932.172,6.087,1.555,7.483,7.53,0.629,0.689,0.189,2.117,1.065,0.705,0.194,1.108,1.549,1
169,55,m,234.4,1052.194,2.697,0.271,8.514,8.906,1.889,3.522,0.043,3.403,3.226,0.492,0.453,1.165,1.66,1
169,55,m,234.1.1,1173.35,3.162,0.82,9.583,9.784,6.282,8.383,0.025,3.985,5.512,0.445,0.633,1.034,1.447,1
169,55,m,234.1.2,1227.653,4.139,1.312,9.99,10.297,7.95,10.838,0.033,3.948,4.505,0.482,0.774,1.239,1.577,1
169,55,m,234.2.1,1061.449,5.745,1.826,8.551,8.449,2.288,1.666,0.166,2.497,2.735,0.61,0.315,1.059,1.425,1
169,55,m,234.2.2,1183.552,3.101,0.705,9.655,10.19,3.95,5.205,0.038,3.556,6.069,0.36,0.372,1.148,1.488,1
169,55,m,234.3.1,1018.306,3.322,0.66,8.245,8.429,1.94,2.704,0.047,3.306,2.714,0.504,0.429,0.98,1.474,1
170,56,f,235.1,1182.256,9.471,2.266,9.512,9.326,10.761,6.057,0.028,3.776,9.326,0.416,0.466,0.958,1.398,1
170,56,f,235.3,1442.585,7.468,1.502,11.854,11.35,11.171,8.381,0.021,4.163,4.831,0.468,0.774,0.886,1.443,1
170,56,f,235.2.1,1309.486,9.591,1.74,10.625,10.385,4.623,3.202,0.042,3.497,4.26,0.52,0.471,1,1.587,1
170,56,f,235.2.2,1217.853,2.753,0.154,9.907,9.533,6.538,6.449,0.027,3.821,3.733,0.508,0.723,-0.267,-1.348,1
170,56,f,235.2.3,711.932,9.075,1.72,5.559,5.441,1.704,1.45,0.074,2.867,1.568,0.623,0.509,0.832,1.432,1
171,61,f,236.1,667.333,2.473,0.126,5.222,5.426,0.617,1.078,0.102,2.488,1.148,0.637,0.361,0.862,1.508,1
171,61,f,236.2.1,1137.263,4.774,1.527,9.25,10.625,42.03,57.083,0.024,4.455,27.362,0.396,0.752,1.248,1.548,1
171,61,f,236.2.2,1311.309,3.426,0.731,10.727,12.8,16.598,29.596,0.014,4.516,20.191,0.245,0.684,1.277,1.58,1
171,61,f,236.3.1,1012.341,8.146,2.04,8.171,8.47,20.629,33.92,0.024,4.053,23.421,0.404,0.59,1.404,1.809,1
171,61,f,236.3.2,622.489,4.257,0.448,4.83,4.85,0.615,1.268,0.149,2.355,1.172,0.703,0.403,1.421,2.199,1
172,8,m,238,884.467,3.793,1.224,7.044,8.256,1.376,8.279,0.076,3.009,7.367,0.524,0.556,2.465,3.004,1
172,8,m,238.1,892.233,2.687,0.172,7.098,7.083,0.431,0.472,0.223,1.804,0.373,0.823,0.588,0.318,1.288,1
172,8,m,238.2,842.016,2.666,0.618,6.607,6.967,0.435,2.228,0.195,2.038,1.91,0.752,0.449,2.313,2.965,1
173,50,f,242.4,550.462,4.071,0.842,4.269,4.404,2.658,2.952,0.044,3.287,3.231,0.486,0.428,0.89,1.356,1
173,50,f,242.1.1,441.768,2.589,0.379,3.339,3.54,0.76,1.141,0.095,2.571,1.192,0.655,0.402,0.93,1.422,1
173,50,f,242.1.2,569.424,3.406,0.997,4.364,4.78,0.837,1.505,0.133,2.465,1.189,0.668,0.591,1.299,1.59,1
173,50,f,242.2.2,569.345,4.52,1.352,4.379,4.733,0.994,1.644,0.119,2.534,1.388,0.646,0.538,1.296,1.622,1
173,50,f,242.2.3,662.304,2.036,0.371,5.13,5.793,2.2,2.62,0.049,3.11,2.163,0.53,0.645,0.96,1.28,1
173,50,f,242.3.1,473.429,2.503,0.152,3.524,3.649,0.868,1.014,0.106,2.482,0.827,0.715,0.57,0.698,1.302,1
173,50,f,242.3.2,561.25,2.4,0.573,4.333,4.833,2.722,3.389,0.046,3.21,2.229,0.523,0.68,0.978,1.32,1
173,50,f,242.3.3,430.438,2.505,-0.407,3.156,3.352,0.507,0.744,0.147,2.12,0.711,0.748,0.47,0.739,1.331,1
174,52,f,243.4,479.04,1.82,-0.223,3.6,3.68,0.88,0.918,0.112,2.469,1.18,0.638,0.347,-0.611,-1.264,1
174,52,f,243.1.1,471.8,2.832,-0.031,3.52,3.66,0.73,0.994,0.116,2.455,0.92,0.702,0.483,0.738,1.418,1
174,52,f,243.1.2,502.176,2.268,0.476,3.824,4.735,1.91,2.989,0.059,2.911,2.294,0.506,0.719,1.199,1.48,1
174,52,f,243.2.1,623.842,2.882,0.783,4.737,5.592,1.668,2.689,0.056,3.001,2.434,0.507,0.627,1.237,1.506,1
174,52,f,243.2.2,503.545,1.984,0.017,3.818,4.182,1.421,2.353,0.055,3.023,2.409,0.527,0.409,1.012,1.506,1
174,52,f,243.2.3,583.118,4.8,1.386,4.471,5.221,1.426,2.878,0.07,2.823,2.603,0.508,0.559,1.44,1.725,1
174,52,f,243.3.1,587.25,3.187,0.595,4.563,4.891,0.871,1.597,0.103,2.442,1.484,0.558,0.463,1.338,1.738,1
174,52,f,243.3.2,564.207,1.942,0.085,4.345,4.776,2.088,5.053,0.043,3.281,4,0.483,0.512,1.426,1.93,1
174,52,f,243.3.3,504.81,1.865,0.32,3.857,4.738,1.741,5.384,0.05,3.106,4.143,0.481,0.614,1.77,2.256,1
175,59,f,244.4,489.617,2.5,0.279,3.681,3.926,1.579,2.218,0.063,2.944,1.447,0.602,0.644,0.962,1.45,1
175,59,f,244.5,470.447,3.521,0.784,3.553,4.09,1.737,2.955,0.057,3.075,2.282,0.545,0.596,1.215,1.531,1
175,59,f,244.1.1,471.043,1.867,-0.057,3.522,3.685,0.858,0.998,0.104,2.499,1.163,0.64,0.389,0.444,1.289,1
175,59,f,244.1.2,482.522,1.93,0.533,3.565,4.13,1.115,1.353,0.1,2.506,1.283,0.62,0.613,1.051,1.294,1
175,59,f,244.1.3,528.73,1.974,-0.101,3.946,4.216,1.078,1.521,0.076,2.746,1.243,0.63,0.558,0.829,1.3,1
175,59,f,244.2.1,461.342,2.195,0.37,3.447,3.842,1.563,2.291,0.074,2.829,1.803,0.564,0.583,0.969,1.317,1
175,59,f,244.2.2,584.154,2.467,0.647,4.462,4.872,1.531,1.996,0.076,2.763,1.359,0.621,0.668,1.075,1.351,1
175,59,f,244.3.1,436.688,2.67,0.8,3.219,3.789,1.608,2.338,0.092,2.692,1.773,0.573,0.644,1.124,1.374,1
175,59,f,244.3.2,570.119,3.322,0.863,4.405,4.661,1.431,1.784,0.079,2.83,1.649,0.597,0.511,1.08,1.404,1
175,59,f,244.3.3,500.102,2.055,0.097,3.755,4.015,1.613,2.24,0.061,2.941,1.352,0.618,0.676,0.854,1.334,1
176,70,f,245.6,902.059,2.372,0.438,7.216,7.657,3.581,4.294,0.033,3.617,2.971,0.507,0.65,0.925,1.299,1
176,70,f,245.1.1,932.602,4.482,1.165,7.446,8.072,2.343,5.182,0.054,3.326,3.241,0.554,0.671,1.56,1.996,1
176,70,f,245.1.2,921.91,6.503,1.605,7.373,7.84,2.413,5.247,0.068,3.12,2.817,0.599,0.711,1.617,2.091,1
176,70,f,245.2.1,870.3,4.729,0.831,6.943,7.575,1.482,3.83,0.069,3.05,3.404,0.582,0.484,1.672,2.162,1
176,70,f,245.2.2,871.31,4.729,0.831,6.94,7.575,1.482,3.83,0.069,3.05,3.404,0.582,0.484,1.672,2.162,1
176,70,f,245.3.1,1154.545,4.787,0.998,9.355,9.38,5.392,5.626,0.03,3.874,4.775,0.483,0.567,0.986,1.471,1
176,70,f,245.3.2,1126.593,4.149,1.167,9.119,9.919,6.918,10.379,0.028,3.854,5.267,0.438,0.748,1.27,1.588,1
176,70,f,245.3.3,1578.272,2.09,0.688,12.966,13.109,21.6,21.164,0.017,4.665,9.441,0.411,0.78,0.879,1.197,1
176,70,f,245.4.1,1257.09,4.819,1.181,10.246,10.881,4.236,8.776,0.033,3.943,6.75,0.468,0.547,1.504,1.982,1
176,70,f,245.4.2,1667.702,1.83,0.422,13.75,13.84,17.92,17.371,0.015,4.651,7.859,0.414,0.778,0.762,1.154,1
176,70,f,245.4.3,1354.289,5.225,1.594,11.089,11.452,8.051,9.985,0.034,3.965,7.615,0.444,0.588,1.268,1.602,1
176,70,f,245.5.1,1584.939,2.535,0.713,13,13.101,10.463,10.145,0.021,4.237,5.625,0.427,0.728,0.893,1.25,1
176,70,f,245.5.2,1237.863,7.455,1.245,10.04,10.327,1.696,2.977,0.074,3.124,2.299,0.598,0.547,1.375,1.936,1
177,57,f,247.5,1021.116,10.646,2.592,8.14,8.709,2.074,5.125,0.09,2.796,3.593,0.594,0.603,1.923,2.545,1
177,57,f,247.1.1,1122.148,3.184,0.671,9.063,9.467,2.566,7.133,0.044,3.488,7.143,0.536,0.318,1.728,2.396,1
177,57,f,247.1.2,1100.643,13.255,2.418,8.893,9.292,3.221,7.698,0.054,3.342,6.069,0.527,0.503,1.909,2.643,1
177,57,f,247.2.1,1074.644,2.555,0.582,8.711,9.306,3.85,5.934,0.033,3.617,5.572,0.404,0.478,1.044,1.401,1
177,57,f,247.2.2,1297.678,5.31,1.197,10.559,11.013,4.687,6.445,0.033,3.767,5.208,0.418,0.558,1.259,1.673,1
177,57,f,247.2.3,1220.029,6.642,1.806,9.857,11.186,8.808,19.194,0.027,3.831,14.6,0.39,0.583,1.522,1.842,1
177,57,f,247.3.1,1471.775,3.535,0.867,12.028,13.947,7.887,28.571,0.024,4.216,22.342,0.375,0.593,1.798,2.152,1
177,57,f,247.3.2,1108.748,2.703,0.199,8.941,9.122,2.19,2.62,0.046,3.324,1.752,0.572,0.645,0.716,1.355,1
177,57,f,247.4.1,1093.265,2.895,0.094,8.812,9.038,1.828,2.447,0.052,3.212,1.551,0.585,0.656,0.795,1.433,1
177,57,f,247.4.2,1152.275,5.303,1.247,9.333,9.593,2.954,4.212,0.044,3.447,3.616,0.535,0.513,1.285,1.878,1
177,57,f,247.4.3,1279.487,11.574,2.556,10.447,10.599,5.352,6.359,0.048,3.411,7.322,0.498,0.378,1.391,1.883,1
178,62,f,248.6,1236.333,4.104,1.189,10,10.579,5.963,10.448,0.03,3.847,8.588,0.404,0.517,1.404,1.852,1
178,62,f,248.1.1,1178.954,3.177,0.809,9.494,9.647,2.641,2.82,0.044,3.43,2.968,0.507,0.461,0.928,1.342,1
178,62,f,248.1.2,1100.2,4.154,1.292,8.867,8.933,2.916,2.696,0.06,3.051,2.317,0.564,0.588,1.025,1.359,1
178,62,f,248.1.2,1148.331,9.272,1.704,9.232,9.432,2.933,4.033,0.046,3.384,2.647,0.551,0.634,1.407,2.04,1
178,62,f,248.2.1,1161.978,3.056,0.236,9.388,9.465,1.611,1.849,0.063,3.13,1.763,0.607,0.493,0.695,1.362,1
178,62,f,248.2.2,1126.99,5.065,0.982,9.09,9.223,1.742,1.778,0.064,3.087,1.953,0.583,0.45,0.94,1.429,1
178,62,f,248.2.3,1172.223,3.713,0.699,9.485,9.632,2.714,3.21,0.041,3.534,2.58,0.563,0.57,0.972,1.47,1
178,62,f,248.3.1,1069.129,5.458,1.66,8.586,8.843,2.614,3.061,0.077,2.968,2.071,0.584,0.649,1.208,1.529,1
178,62,f,248.3.2,1049.805,3.223,0.81,8.429,8.695,1.284,2.199,0.076,2.86,1.825,0.605,0.515,1.236,1.628,1
178,62,f,248.4.1.,984.645,11.031,2.591,7.871,8.113,0.951,1.132,0.133,2.218,1.29,0.642,0.41,1.307,1.711,1
178,62,f,248.5.1,1180.509,3.721,-0.588,9.509,8.811,2.46,3.714,0.066,3.201,1.794,0.576,0.805,-1.117,-1.501,1
178,62,f,248.5.2,1242.514,4.344,1.061,10.086,10.45,2.421,3.79,0.049,3.307,3.464,0.472,0.475,1.203,1.566,1
179,66,f,249.1.1,949.415,4.129,0.97,7.604,8.165,0.692,2.232,0.119,2.546,1.854,0.616,0.557,1.769,2.157,1
179,66,f,249.1.2,949.946,4.19,0.928,7.607,8.08,0.667,2.19,0.125,2.49,1.83,0.62,0.517,1.792,2.204,1
179,66,f,249.2.1,1131.536,2.704,0.563,9.174,9.409,1.941,2.633,0.067,3.078,1.649,0.6,0.659,0.994,1.355,1
179,66,f,249.2.2,1215.686,8.212,1.428,9.868,9.768,2.969,2.371,0.054,3.295,2.373,0.59,0.561,0.83,1.38,1
179,66,f,249.3.1,1151.31,2.428,0.274,9.356,9.713,1.839,2.797,0.061,3.136,1.805,0.601,0.652,0.986,1.423,1
179,66,f,249.3.2,1164.607,3.572,0.803,9.393,9.48,1.475,1.868,0.079,2.836,1.885,0.627,0.441,0.962,1.448,1
179,66,f,249.3.3,1145.544,4.399,1.046,9.235,9.529,1.386,2.131,0.083,2.804,1.75,0.637,0.539,1.211,1.613,1
179,66,f,249.4.1,1169.344,4.379,0.866,9.516,9.777,2.379,3.329,0.056,3.259,1.97,0.588,0.676,1.15,1.615,1
179,66,f,249.4.2,1219.966,9.145,1.937,9.932,10.526,4.32,9.134,0.042,3.584,5.316,0.526,0.676,1.674,2.251,1
179,66,f,249.4.3,1118.675,12.094,2.452,9.025,9.875,3.024,5.759,0.054,3.301,4.95,0.51,0.546,1.59,2.096,1
180,62,f,250.1.1,1144.559,4.573,0.947,9.22,10.051,2.138,6.54,0.045,3.462,5.746,0.477,0.484,1.721,2.19,1
180,62,f,250.1.2,1194.5,4.603,0.972,9.65,10.033,2.128,5.582,0.053,3.356,5.183,0.555,0.388,1.702,2.297,1
180,62,f,250.2.1,1197.904,3.841,0.136,9.658,10.017,1.266,3.866,0.084,2.984,3.36,0.635,0.43,1.72,2.424,1
180,62,f,250.2.2,1314.308,8.051,1.732,10.731,10.827,5.12,4.393,0.036,3.501,6.462,0.441,0.323,0.868,1.367,1
180,62,f,250.2.3,1261.204,6.381,1.431,10.265,10.274,3.54,3.314,0.043,3.584,4.296,0.494,0.373,0.972,1.422,1
180,62,f,250.3.1,1190.563,5.286,1.447,9.729,10.115,2.989,4.268,0.055,3.424,5.083,0.484,0.325,1.272,1.693,1
180,62,f,250.3.2,1215.463,7.058,1.362,9.87,9.995,1.742,3.236,0.063,3.134,3.569,0.54,0.3,1.447,2.037,1
180,62,f,250.4.1,1125.554,6.84,1.782,9.108,9.704,9.788,11.639,0.031,3.871,8.473,0.462,0.623,1.216,1.585,1
180,62,f,250.4.2,1071.185,3.986,1.085,8.662,9.427,5.455,9.56,0.033,3.728,6.835,0.478,0.607,1.34,1.728,1
181,53,m,252.3,955.7,2.438,0.371,7.625,7.581,6.234,6.093,0.019,4.124,9.581,0.298,0.223,0.666,1.247,1
181,53,m,252.4,671.429,3.099,0.869,5.243,5.411,5.927,6.592,0.029,3.968,6.461,0.418,0.487,0.98,1.349,1
181,53,m,252.2.1,722.225,3.75,0.216,5.663,5.875,4.999,5.966,0.029,3.888,4.438,0.456,0.602,0.862,1.389,1
181,53,m,252.2.2,633.655,5.807,0.533,4.914,5.267,3.837,4.644,0.045,3.48,3.664,0.493,0.585,1.07,1.581,1
181,53,m,252.3.1,872.787,3.633,1.127,6.984,8.049,6.737,12.998,0.04,3.783,9.156,0.398,0.626,1.413,1.708,1
182,30,f,254.1.1,965.04,6.606,1.802,7.68,8.31,1.578,4.954,0.089,2.901,4.49,0.518,0.436,1.724,2.28,0
182,30,f,254.1.2,855.981,16.086,3.047,6.769,6.938,0.716,1.587,0.163,2.15,1.889,0.667,0.207,1.739,2.327,0
182,30,f,254.1.3,926.594,4.749,1.108,7.406,7.727,0.741,1.386,0.141,2.388,1.523,0.674,0.349,1.303,1.676,0
182,30,f,254.2.1,920.936,4.336,0.968,7.404,7.904,0.709,2.672,0.118,2.527,2.596,0.63,0.376,1.996,2.712,0
182,30,f,254.2.2,887.531,3.34,-0.374,7.031,6.945,0.905,1.333,0.114,2.604,1.055,0.651,0.542,0.504,1.526,0
182,30,f,254.2.3,939.912,5.323,1.349,7.529,7.757,0.955,1.36,0.141,2.378,1.787,0.657,0.255,1.17,1.533,0
183,49,f,255.3,888.359,2.906,0.061,7.078,7.195,0.291,0.352,0.314,1.573,0.438,0.809,0.343,0.967,1.522,0
183,49,f,255.1.1,884.83,3.449,0.561,7.085,7.372,0.929,1.553,0.085,2.744,1.83,0.592,0.306,1.284,1.709,0
183,49,f,255.1.2,906.438,5.438,1.466,7.219,7.328,1.421,2.033,0.083,2.766,1.891,0.593,0.463,1.311,1.723,0
183,49,f,255.1.3,922,1.744,0.181,7.391,7.804,0.412,1.157,0.169,2.104,1.435,0.695,0.221,1.568,1.928,0
183,49,f,255.2.1,879.973,8.438,1.759,7,7.439,1.081,1.935,0.084,2.755,2.291,0.567,0.318,1.545,2.029,0
183,49,f,255.2.2,885.411,11.039,-1.031,7.063,7.239,0.943,0.719,0.221,2.16,0.871,0.747,0.499,0.399,1.519,0
184,33,f,256.1.1,888.789,3.921,-0.071,7.07,7.195,0.409,0.528,0.244,1.935,0.641,0.766,0.336,0.996,1.579,0
184,33,f,256.1.2,912.887,3.277,0.262,7.283,7.448,0.58,0.851,0.187,2.178,0.892,0.73,0.403,1.214,1.609,0
184,33,f,256.2.1,911.292,8.328,1.745,7.25,7.156,0.271,0.424,0.364,1.442,0.406,0.809,0.438,1.148,1.644,0
184,33,f,256.2.2,902.189,4.828,0.855,7.217,7.342,0.453,0.692,0.239,1.979,0.762,0.752,0.356,1.285,1.752,0
185,55,f,257.1.1,903.865,4.766,0.641,7.176,7.206,0.307,0.488,0.292,1.718,0.524,0.791,0.352,1.195,1.795,0
185,55,f,257.2.1,892.818,2.458,-0.328,7.152,7.303,0.492,1.742,0.112,2.403,1.652,0.623,0.327,1.251,2.258,0
185,55,f,257.2.2,885.035,4.817,0.902,7.035,7.031,0.736,0.951,0.134,2.209,0.961,0.724,0.434,0.948,1.466,0
186,78,m,260.2,709.143,4.031,-1.075,10.643,9.839,2.087,3.742,0.045,3.211,3.768,0.41,0.484,-1.351,-1.672,0
186,78,m,260.1.1,1045.97,2.745,-0.688,12.152,11.561,2.856,5.989,0.037,3.516,3.939,0.43,0.635,-1.351,-1.704,0
186,78,m,260.1.2,990.615,2.86,-0.649,11.215,10.627,4.354,6.765,0.025,3.888,5.042,0.393,0.592,-1.073,-1.448,0